시도,지역구분,세부차종,제조사,모델명,국비(만원),지방비(만원),보조금(만원)
서울,서울특별시,전기승용,케이지모빌리티,토레스 EVX 2WD 18인치,327,98,425
서울,서울특별시,전기승용,케이지모빌리티,토레스 EVX 2WD 20인치,312,93,405
서울,서울특별시,전기승용,케이지모빌리티,토레스 EVX 18인치,354,106,460
서울,서울특별시,전기승용,케이지모빌리티,토레스 EVX 20인치,344,103,447
서울,서울특별시,전기승용,케이지모빌리티,토레스 EVX 18인치(2026),361,108,469
서울,서울특별시,전기승용,케이지모빌리티,토레스 EVX 20인치(2026),354,106,460
부산,부산광역시,전기승용,케이지모빌리티,토레스 EVX 2WD 18인치,327,128,455
부산,부산광역시,전기승용,케이지모빌리티,토레스 EVX 2WD 20인치,312,123,435
부산,부산광역시,전기승용,케이지모빌리티,토레스 EVX 18인치,354,136,490
부산,부산광역시,전기승용,케이지모빌리티,토레스 EVX 20인치,344,133,477
부산,부산광역시,전기승용,케이지모빌리티,토레스 EVX 18인치(2026),361,138,499
부산,부산광역시,전기승용,케이지모빌리티,토레스 EVX 20인치(2026),354,136,490
대구,대구광역시,전기승용,케이지모빌리티,토레스 EVX 2WD 18인치,327,98,425
대구,대구광역시,전기승용,케이지모빌리티,토레스 EVX 2WD 20인치,312,93,405
대구,대구광역시,전기승용,케이지모빌리티,토레스 EVX 18인치,354,106,460
대구,대구광역시,전기승용,케이지모빌리티,토레스 EVX 20인치,344,103,447
대구,대구광역시,전기승용,케이지모빌리티,토레스 EVX 18인치(2026),361,108,469
대구,대구광역시,전기승용,케이지모빌리티,토레스 EVX 20인치(2026),354,106,460
인천,인천광역시,전기승용,케이지모빌리티,토레스 EVX 2WD 18인치,327,98,425
인천,인천광역시,전기승용,케이지모빌리티,토레스 EVX 2WD 20인치,312,93,405
인천,인천광역시,전기승용,케이지모빌리티,토레스 EVX 18인치,354,106,460
인천,인천광역시,전기승용,케이지모빌리티,토레스 EVX 20인치,344,103,447
인천,인천광역시,전기승용,케이지모빌리티,토레스 EVX 18인치(2026),361,108,469
인천,인천광역시,전기승용,케이지모빌리티,토레스 EVX 20인치(2026),354,106,460
광주,광주광역시,전기승용,케이지모빌리티,토레스 EVX 2WD 18인치,327,98,425
광주,광주광역시,전기승용,케이지모빌리티,토레스 EVX 2WD 20인치,312,93,405
광주,광주광역시,전기승용,케이지모빌리티,토레스 EVX 18인치,354,106,460
광주,광주광역시,전기승용,케이지모빌리티,토레스 EVX 20인치,344,103,447
광주,광주광역시,전기승용,케이지모빌리티,토레스 EVX 18인치(2026),361,108,469
광주,광주광역시,전기승용,케이지모빌리티,토레스 EVX 20인치(2026),354,106,460
대전,대전광역시,전기승용,케이지모빌리티,토레스 EVX 2WD 18인치,327,98,425
대전,대전광역시,전기승용,케이지모빌리티,토레스 EVX 2WD 20인치,312,93,405
대전,대전광역시,전기승용,케이지모빌리티,토레스 EVX 18인치,354,106,460
대전,대전광역시,전기승용,케이지모빌리티,토레스 EVX 20인치,344,103,447
대전,대전광역시,전기승용,케이지모빌리티,토레스 EVX 18인치(2026),361,108,469
대전,대전광역시,전기승용,케이지모빌리티,토레스 EVX 20인치(2026),354,106,460
울산,울산광역시,전기승용,케이지모빌리티,토레스 EVX 2WD 18인치,327,98,425
울산,울산광역시,전기승용,케이지모빌리티,토레스 EVX 2WD 20인치,312,93,405
울산,울산광역시,전기승용,케이지모빌리티,토레스 EVX 18인치,354,106,460
울산,울산광역시,전기승용,케이지모빌리티,토레스 EVX 20인치,344,103,447
울산,울산광역시,전기승용,케이지모빌리티,토레스 EVX 18인치(2026),361,108,469
울산,울산광역시,전기승용,케이지모빌리티,토레스 EVX 20인치(2026),354,106,460
세종,세종특별자치시,전기승용,케이지모빌리티,토레스 EVX 2WD 18인치,327,98,425
세종,세종특별자치시,전기승용,케이지모빌리티,토레스 EVX 2WD 20인치,312,93,405
세종,세종특별자치시,전기승용,케이지모빌리티,토레스 EVX 18인치,354,106,460
세종,세종특별자치시,전기승용,케이지모빌리티,토레스 EVX 20인치,344,103,447
세종,세종특별자치시,전기승용,케이지모빌리티,토레스 EVX 18인치(2026),361,108,469
세종,세종특별자치시,전기승용,케이지모빌리티,토레스 EVX 20인치(2026),354,106,460
경기,수원시,전기승용,케이지모빌리티,토레스 EVX 2WD 18인치,327,136,463
경기,수원시,전기승용,케이지모빌리티,토레스 EVX 2WD 20인치,312,130,442
경기,수원시,전기승용,케이지모빌리티,토레스 EVX 18인치,354,147,501
경기,수원시,전기승용,케이지모빌리티,토레스 EVX 20인치,344,143,487
경기,수원시,전기승용,케이지모빌리티,토레스 EVX 18인치(2026),361,150,511
경기,수원시,전기승용,케이지모빌리티,토레스 EVX 20인치(2026),354,147,501
경기,성남시,전기승용,케이지모빌리티,토레스 EVX 2WD 18인치,327,147,474
경기,성남시,전기승용,케이지모빌리티,토레스 EVX 2WD 20인치,312,140,452
경기,성남시,전기승용,케이지모빌리티,토레스 EVX 18인치,354,159,513
경기,성남시,전기승용,케이지모빌리티,토레스 EVX 20인치,344,154,498
경기,성남시,전기승용,케이지모빌리티,토레스 EVX 18인치(2026),361,162,523
경기,성남시,전기승용,케이지모빌리티,토레스 EVX 20인치(2026),354,159,513
경기,의정부시,전기승용,케이지모빌리티,토레스 EVX 2WD 18인치,327,119,446
경기,의정부시,전기승용,케이지모빌리티,토레스 EVX 2WD 20인치,312,114,426
경기,의정부시,전기승용,케이지모빌리티,토레스 EVX 18인치,354,129,483
경기,의정부시,전기승용,케이지모빌리티,토레스 EVX 20인치,344,126,470
경기,의정부시,전기승용,케이지모빌리티,토레스 EVX 18인치(2026),361,132,493
경기,의정부시,전기승용,케이지모빌리티,토레스 EVX 20인치(2026),354,129,483
경기,안양시,전기승용,케이지모빌리티,토레스 EVX 2WD 18인치,327,138,465
경기,안양시,전기승용,케이지모빌리티,토레스 EVX 2WD 20인치,312,132,444
경기,안양시,전기승용,케이지모빌리티,토레스 EVX 18인치,354,150,504
경기,안양시,전기승용,케이지모빌리티,토레스 EVX 20인치,344,146,490
경기,안양시,전기승용,케이지모빌리티,토레스 EVX 18인치(2026),361,153,514
경기,안양시,전기승용,케이지모빌리티,토레스 EVX 20인치(2026),354,150,504
경기,부천시,전기승용,케이지모빌리티,토레스 EVX 2WD 18인치,327,98,425
경기,부천시,전기승용,케이지모빌리티,토레스 EVX 2WD 20인치,312,93,405
경기,부천시,전기승용,케이지모빌리티,토레스 EVX 18인치,354,106,460
경기,부천시,전기승용,케이지모빌리티,토레스 EVX 20인치,344,103,447
경기,부천시,전기승용,케이지모빌리티,토레스 EVX 18인치(2026),361,108,469
경기,부천시,전기승용,케이지모빌리티,토레스 EVX 20인치(2026),354,106,460
경기,광명시,전기승용,케이지모빌리티,토레스 EVX 2WD 18인치,327,228,555
경기,광명시,전기승용,케이지모빌리티,토레스 EVX 2WD 20인치,312,218,530
경기,광명시,전기승용,케이지모빌리티,토레스 EVX 18인치,354,247,601
경기,광명시,전기승용,케이지모빌리티,토레스 EVX 20인치,344,240,584
경기,광명시,전기승용,케이지모빌리티,토레스 EVX 18인치(2026),361,252,613
경기,광명시,전기승용,케이지모빌리티,토레스 EVX 20인치(2026),354,247,601
경기,평택시,전기승용,케이지모빌리티,토레스 EVX 2WD 18인치,327,163,490
경기,평택시,전기승용,케이지모빌리티,토레스 EVX 2WD 20인치,312,156,468
경기,평택시,전기승용,케이지모빌리티,토레스 EVX 18인치,354,177,531
경기,평택시,전기승용,케이지모빌리티,토레스 EVX 20인치,344,172,516
경기,평택시,전기승용,케이지모빌리티,토레스 EVX 18인치(2026),361,180,541
경기,평택시,전기승용,케이지모빌리티,토레스 EVX 20인치(2026),354,177,531
경기,동두천시,전기승용,케이지모빌리티,토레스 EVX 2WD 18인치,327,183,510
경기,동두천시,전기승용,케이지모빌리티,토레스 EVX 2WD 20인치,312,174,486
경기,동두천시,전기승용,케이지모빌리티,토레스 EVX 18인치,354,198,552
경기,동두천시,전기승용,케이지모빌리티,토레스 EVX 20인치,344,192,536
경기,동두천시,전기승용,케이지모빌리티,토레스 EVX 18인치(2026),361,202,563
경기,동두천시,전기승용,케이지모빌리티,토레스 EVX 20인치(2026),354,198,552
경기,안산시,전기승용,케이지모빌리티,토레스 EVX 2WD 18인치,327,130,457
경기,안산시,전기승용,케이지모빌리티,토레스 EVX 2WD 20인치,312,124,436
경기,안산시,전기승용,케이지모빌리티,토레스 EVX 18인치,354,141,495
경기,안산시,전기승용,케이지모빌리티,토레스 EVX 20인치,344,137,481
경기,안산시,전기승용,케이지모빌리티,토레스 EVX 18인치(2026),361,144,505
경기,안산시,전기승용,케이지모빌리티,토레스 EVX 20인치(2026),354,141,495
경기,고양시,전기승용,케이지모빌리티,토레스 EVX 2WD 18인치,327,130,457
경기,고양시,전기승용,케이지모빌리티,토레스 EVX 2WD 20인치,312,124,436
경기,고양시,전기승용,케이지모빌리티,토레스 EVX 18인치,354,141,495
경기,고양시,전기승용,케이지모빌리티,토레스 EVX 20인치,344,137,481
경기,고양시,전기승용,케이지모빌리티,토레스 EVX 18인치(2026),361,144,505
경기,고양시,전기승용,케이지모빌리티,토레스 EVX 20인치(2026),354,141,495
경기,과천시,전기승용,케이지모빌리티,토레스 EVX 2WD 18인치,327,163,490
경기,과천시,전기승용,케이지모빌리티,토레스 EVX 2WD 20인치,312,156,468
경기,과천시,전기승용,케이지모빌리티,토레스 EVX 18인치,354,177,531
경기,과천시,전기승용,케이지모빌리티,토레스 EVX 20인치,344,172,516
경기,과천시,전기승용,케이지모빌리티,토레스 EVX 18인치(2026),361,180,541
경기,과천시,전기승용,케이지모빌리티,토레스 EVX 20인치(2026),354,177,531
경기,구리시,전기승용,케이지모빌리티,토레스 EVX 2WD 18인치,327,163,490
경기,구리시,전기승용,케이지모빌리티,토레스 EVX 2WD 20인치,312,156,468
경기,구리시,전기승용,케이지모빌리티,토레스 EVX 18인치,354,177,531
경기,구리시,전기승용,케이지모빌리티,토레스 EVX 20인치,344,172,516
경기,구리시,전기승용,케이지모빌리티,토레스 EVX 18인치(2026),361,180,541
경기,구리시,전기승용,케이지모빌리티,토레스 EVX 20인치(2026),354,177,531
경기,남양주시,전기승용,케이지모빌리티,토레스 EVX 2WD 18인치,327,98,425
경기,남양주시,전기승용,케이지모빌리티,토레스 EVX 2WD 20인치,312,93,405
경기,남양주시,전기승용,케이지모빌리티,토레스 EVX 18인치,354,106,460
경기,남양주시,전기승용,케이지모빌리티,토레스 EVX 20인치,344,103,447
경기,남양주시,전기승용,케이지모빌리티,토레스 EVX 18인치(2026),361,108,469
경기,남양주시,전기승용,케이지모빌리티,토레스 EVX 20인치(2026),354,106,460
경기,오산시,전기승용,케이지모빌리티,토레스 EVX 2WD 18인치,327,152,479
경기,오산시,전기승용,케이지모빌리티,토레스 EVX 2WD 20인치,312,145,457
경기,오산시,전기승용,케이지모빌리티,토레스 EVX 18인치,354,165,519
경기,오산시,전기승용,케이지모빌리티,토레스 EVX 20인치,344,160,504
경기,오산시,전기승용,케이지모빌리티,토레스 EVX 18인치(2026),361,168,529
경기,오산시,전기승용,케이지모빌리티,토레스 EVX 20인치(2026),354,165,519
경기,시흥시,전기승용,케이지모빌리티,토레스 EVX 2WD 18인치,327,130,457
경기,시흥시,전기승용,케이지모빌리티,토레스 EVX 2WD 20인치,312,124,436
경기,시흥시,전기승용,케이지모빌리티,토레스 EVX 18인치,354,141,495
경기,시흥시,전기승용,케이지모빌리티,토레스 EVX 20인치,344,137,481
경기,시흥시,전기승용,케이지모빌리티,토레스 EVX 18인치(2026),361,144,505
경기,시흥시,전기승용,케이지모빌리티,토레스 EVX 20인치(2026),354,141,495
경기,군포시,전기승용,케이지모빌리티,토레스 EVX 2WD 18인치,327,158,485
경기,군포시,전기승용,케이지모빌리티,토레스 EVX 2WD 20인치,312,150,462
경기,군포시,전기승용,케이지모빌리티,토레스 EVX 18인치,354,171,525
경기,군포시,전기승용,케이지모빌리티,토레스 EVX 20인치,344,166,510
경기,군포시,전기승용,케이지모빌리티,토레스 EVX 18인치(2026),361,174,535
경기,군포시,전기승용,케이지모빌리티,토레스 EVX 20인치(2026),354,171,525
경기,의왕시,전기승용,케이지모빌리티,토레스 EVX 2WD 18인치,327,163,490
경기,의왕시,전기승용,케이지모빌리티,토레스 EVX 2WD 20인치,312,156,468
경기,의왕시,전기승용,케이지모빌리티,토레스 EVX 18인치,354,177,531
경기,의왕시,전기승용,케이지모빌리티,토레스 EVX 20인치,344,172,516
경기,의왕시,전기승용,케이지모빌리티,토레스 EVX 18인치(2026),361,180,541
경기,의왕시,전기승용,케이지모빌리티,토레스 EVX 20인치(2026),354,177,531
경기,하남시,전기승용,케이지모빌리티,토레스 EVX 2WD 18인치,327,98,425
경기,하남시,전기승용,케이지모빌리티,토레스 EVX 2WD 20인치,312,93,405
경기,하남시,전기승용,케이지모빌리티,토레스 EVX 18인치,354,106,460
경기,하남시,전기승용,케이지모빌리티,토레스 EVX 20인치,344,103,447
경기,하남시,전기승용,케이지모빌리티,토레스 EVX 18인치(2026),361,108,469
경기,하남시,전기승용,케이지모빌리티,토레스 EVX 20인치(2026),354,106,460
경기,용인시,전기승용,케이지모빌리티,토레스 EVX 2WD 18인치,327,141,468
경기,용인시,전기승용,케이지모빌리티,토레스 EVX 2WD 20인치,312,135,447
경기,용인시,전기승용,케이지모빌리티,토레스 EVX 18인치,354,153,507
경기,용인시,전기승용,케이지모빌리티,토레스 EVX 20인치,344,149,493
경기,용인시,전기승용,케이지모빌리티,토레스 EVX 18인치(2026),361,156,517
경기,용인시,전기승용,케이지모빌리티,토레스 EVX 20인치(2026),354,153,507
경기,파주시,전기승용,케이지모빌리티,토레스 EVX 2WD 18인치,327,163,490
경기,파주시,전기승용,케이지모빌리티,토레스 EVX 2WD 20인치,312,156,468
경기,파주시,전기승용,케이지모빌리티,토레스 EVX 18인치,354,177,531
경기,파주시,전기승용,케이지모빌리티,토레스 EVX 20인치,344,172,516
경기,파주시,전기승용,케이지모빌리티,토레스 EVX 18인치(2026),361,180,541
경기,파주시,전기승용,케이지모빌리티,토레스 EVX 20인치(2026),354,177,531
경기,이천시,전기승용,케이지모빌리티,토레스 EVX 2WD 18인치,327,163,490
경기,이천시,전기승용,케이지모빌리티,토레스 EVX 2WD 20인치,312,156,468
경기,이천시,전기승용,케이지모빌리티,토레스 EVX 18인치,354,177,531
경기,이천시,전기승용,케이지모빌리티,토레스 EVX 20인치,344,172,516
경기,이천시,전기승용,케이지모빌리티,토레스 EVX 18인치(2026),361,180,541
경기,이천시,전기승용,케이지모빌리티,토레스 EVX 20인치(2026),354,177,531
경기,안성시,전기승용,케이지모빌리티,토레스 EVX 2WD 18인치,327,196,523
경기,안성시,전기승용,케이지모빌리티,토레스 EVX 2WD 20인치,312,187,499
경기,안성시,전기승용,케이지모빌리티,토레스 EVX 18인치,354,212,566
경기,안성시,전기승용,케이지모빌리티,토레스 EVX 20인치,344,206,550
경기,안성시,전기승용,케이지모빌리티,토레스 EVX 18인치(2026),361,216,577
경기,안성시,전기승용,케이지모빌리티,토레스 EVX 20인치(2026),354,212,566
경기,김포시,전기승용,케이지모빌리티,토레스 EVX 2WD 18인치,327,130,457
경기,김포시,전기승용,케이지모빌리티,토레스 EVX 2WD 20인치,312,124,436
경기,김포시,전기승용,케이지모빌리티,토레스 EVX 18인치,354,141,495
경기,김포시,전기승용,케이지모빌리티,토레스 EVX 20인치,344,137,481
경기,김포시,전기승용,케이지모빌리티,토레스 EVX 18인치(2026),361,144,505
경기,김포시,전기승용,케이지모빌리티,토레스 EVX 20인치(2026),354,141,495
경기,화성시,전기승용,케이지모빌리티,토레스 EVX 2WD 18인치,327,109,436
경기,화성시,전기승용,케이지모빌리티,토레스 EVX 2WD 20인치,312,104,416
경기,화성시,전기승용,케이지모빌리티,토레스 EVX 18인치,354,118,472
경기,화성시,전기승용,케이지모빌리티,토레스 EVX 20인치,344,114,458
경기,화성시,전기승용,케이지모빌리티,토레스 EVX 18인치(2026),361,120,481
경기,화성시,전기승용,케이지모빌리티,토레스 EVX 20인치(2026),354,118,472
경기,광주시,전기승용,케이지모빌리티,토레스 EVX 2WD 18인치,327,98,425
경기,광주시,전기승용,케이지모빌리티,토레스 EVX 2WD 20인치,312,93,405
경기,광주시,전기승용,케이지모빌리티,토레스 EVX 18인치,354,106,460
경기,광주시,전기승용,케이지모빌리티,토레스 EVX 20인치,344,103,447
경기,광주시,전기승용,케이지모빌리티,토레스 EVX 18인치(2026),361,108,469
경기,광주시,전기승용,케이지모빌리티,토레스 EVX 20인치(2026),354,106,460
경기,양주시,전기승용,케이지모빌리티,토레스 EVX 2WD 18인치,327,136,463
경기,양주시,전기승용,케이지모빌리티,토레스 EVX 2WD 20인치,312,130,442
경기,양주시,전기승용,케이지모빌리티,토레스 EVX 18인치,354,147,501
경기,양주시,전기승용,케이지모빌리티,토레스 EVX 20인치,344,143,487
경기,양주시,전기승용,케이지모빌리티,토레스 EVX 18인치(2026),361,150,511
경기,양주시,전기승용,케이지모빌리티,토레스 EVX 20인치(2026),354,147,501
경기,포천시,전기승용,케이지모빌리티,토레스 EVX 2WD 18인치,327,130,457
경기,포천시,전기승용,케이지모빌리티,토레스 EVX 2WD 20인치,312,124,436
경기,포천시,전기승용,케이지모빌리티,토레스 EVX 18인치,354,141,495
경기,포천시,전기승용,케이지모빌리티,토레스 EVX 20인치,344,137,481
경기,포천시,전기승용,케이지모빌리티,토레스 EVX 18인치(2026),361,144,505
경기,포천시,전기승용,케이지모빌리티,토레스 EVX 20인치(2026),354,141,495
경기,여주시,전기승용,케이지모빌리티,토레스 EVX 2WD 18인치,327,225,552
경기,여주시,전기승용,케이지모빌리티,토레스 EVX 2WD 20인치,312,215,527
경기,여주시,전기승용,케이지모빌리티,토레스 EVX 18인치,354,244,598
경기,여주시,전기승용,케이지모빌리티,토레스 EVX 20인치,344,237,581
경기,여주시,전기승용,케이지모빌리티,토레스 EVX 18인치(2026),361,248,609
경기,여주시,전기승용,케이지모빌리티,토레스 EVX 20인치(2026),354,244,598
경기,연천군,전기승용,케이지모빌리티,토레스 EVX 2WD 18인치,327,310,637
경기,연천군,전기승용,케이지모빌리티,토레스 EVX 2WD 20인치,312,296,608
경기,연천군,전기승용,케이지모빌리티,토레스 EVX 18인치,354,336,690
경기,연천군,전기승용,케이지모빌리티,토레스 EVX 20인치,344,326,670
경기,연천군,전기승용,케이지모빌리티,토레스 EVX 18인치(2026),361,342,703
경기,연천군,전기승용,케이지모빌리티,토레스 EVX 20인치(2026),354,336,690
경기,가평군,전기승용,케이지모빌리티,토레스 EVX 2WD 18인치,327,218,545
경기,가평군,전기승용,케이지모빌리티,토레스 EVX 2WD 20인치,312,208,520
경기,가평군,전기승용,케이지모빌리티,토레스 EVX 18인치,354,236,590
경기,가평군,전기승용,케이지모빌리티,토레스 EVX 20인치,344,229,573
경기,가평군,전기승용,케이지모빌리티,토레스 EVX 18인치(2026),361,240,601
경기,가평군,전기승용,케이지모빌리티,토레스 EVX 20인치(2026),354,236,590
경기,양평군,전기승용,케이지모빌리티,토레스 EVX 2WD 18인치,327,218,545
경기,양평군,전기승용,케이지모빌리티,토레스 EVX 2WD 20인치,312,208,520
경기,양평군,전기승용,케이지모빌리티,토레스 EVX 18인치,354,236,590
경기,양평군,전기승용,케이지모빌리티,토레스 EVX 20인치,344,229,573
경기,양평군,전기승용,케이지모빌리티,토레스 EVX 18인치(2026),361,240,601
경기,양평군,전기승용,케이지모빌리티,토레스 EVX 20인치(2026),354,236,590
강원,춘천시,전기승용,케이지모빌리티,토레스 EVX 2WD 18인치,327,163,490
강원,춘천시,전기승용,케이지모빌리티,토레스 EVX 2WD 20인치,312,156,468
강원,춘천시,전기승용,케이지모빌리티,토레스 EVX 18인치,354,177,531
강원,춘천시,전기승용,케이지모빌리티,토레스 EVX 20인치,344,172,516
강원,춘천시,전기승용,케이지모빌리티,토레스 EVX 18인치(2026),361,180,541
강원,춘천시,전기승용,케이지모빌리티,토레스 EVX 20인치(2026),354,177,531
강원,원주시,전기승용,케이지모빌리티,토레스 EVX 2WD 18인치,327,163,490
강원,원주시,전기승용,케이지모빌리티,토레스 EVX 2WD 20인치,312,156,468
강원,원주시,전기승용,케이지모빌리티,토레스 EVX 18인치,354,177,531
강원,원주시,전기승용,케이지모빌리티,토레스 EVX 20인치,344,172,516
강원,원주시,전기승용,케이지모빌리티,토레스 EVX 18인치(2026),361,180,541
강원,원주시,전기승용,케이지모빌리티,토레스 EVX 20인치(2026),354,177,531
강원,강릉시,전기승용,케이지모빌리티,토레스 EVX 2WD 18인치,327,163,490
강원,강릉시,전기승용,케이지모빌리티,토레스 EVX 2WD 20인치,312,156,468
강원,강릉시,전기승용,케이지모빌리티,토레스 EVX 18인치,354,177,531
강원,강릉시,전기승용,케이지모빌리티,토레스 EVX 20인치,344,172,516
강원,강릉시,전기승용,케이지모빌리티,토레스 EVX 18인치(2026),361,180,541
강원,강릉시,전기승용,케이지모빌리티,토레스 EVX 20인치(2026),354,177,531
강원,동해시,전기승용,케이지모빌리티,토레스 EVX 2WD 18인치,327,163,490
강원,동해시,전기승용,케이지모빌리티,토레스 EVX 2WD 20인치,312,156,468
강원,동해시,전기승용,케이지모빌리티,토레스 EVX 18인치,354,177,531
강원,동해시,전기승용,케이지모빌리티,토레스 EVX 20인치,344,172,516
강원,동해시,전기승용,케이지모빌리티,토레스 EVX 18인치(2026),361,180,541
강원,동해시,전기승용,케이지모빌리티,토레스 EVX 20인치(2026),354,177,531
강원,태백시,전기승용,케이지모빌리티,토레스 EVX 2WD 18인치,327,163,490
강원,태백시,전기승용,케이지모빌리티,토레스 EVX 2WD 20인치,312,156,468
강원,태백시,전기승용,케이지모빌리티,토레스 EVX 18인치,354,177,531
강원,태백시,전기승용,케이지모빌리티,토레스 EVX 20인치,344,172,516
강원,태백시,전기승용,케이지모빌리티,토레스 EVX 18인치(2026),361,180,541
강원,태백시,전기승용,케이지모빌리티,토레스 EVX 20인치(2026),354,177,531
강원,속초시,전기승용,케이지모빌리티,토레스 EVX 2WD 18인치,327,163,490
강원,속초시,전기승용,케이지모빌리티,토레스 EVX 2WD 20인치,312,156,468
강원,속초시,전기승용,케이지모빌리티,토레스 EVX 18인치,354,177,531
강원,속초시,전기승용,케이지모빌리티,토레스 EVX 20인치,344,172,516
강원,속초시,전기승용,케이지모빌리티,토레스 EVX 18인치(2026),361,180,541
강원,속초시,전기승용,케이지모빌리티,토레스 EVX 20인치(2026),354,177,531
강원,삼척시,전기승용,케이지모빌리티,토레스 EVX 2WD 18인치,327,163,490
강원,삼척시,전기승용,케이지모빌리티,토레스 EVX 2WD 20인치,312,156,468
강원,삼척시,전기승용,케이지모빌리티,토레스 EVX 18인치,354,177,531
강원,삼척시,전기승용,케이지모빌리티,토레스 EVX 20인치,344,172,516
강원,삼척시,전기승용,케이지모빌리티,토레스 EVX 18인치(2026),361,180,541
강원,삼척시,전기승용,케이지모빌리티,토레스 EVX 20인치(2026),354,177,531
강원,홍천군,전기승용,케이지모빌리티,토레스 EVX 2WD 18인치,327,163,490
강원,홍천군,전기승용,케이지모빌리티,토레스 EVX 2WD 20인치,312,156,468
강원,홍천군,전기승용,케이지모빌리티,토레스 EVX 18인치,354,177,531
강원,홍천군,전기승용,케이지모빌리티,토레스 EVX 20인치,344,172,516
강원,홍천군,전기승용,케이지모빌리티,토레스 EVX 18인치(2026),361,180,541
강원,홍천군,전기승용,케이지모빌리티,토레스 EVX 20인치(2026),354,177,531
강원,횡성군,전기승용,케이지모빌리티,토레스 EVX 2WD 18인치,327,163,490
강원,횡성군,전기승용,케이지모빌리티,토레스 EVX 2WD 20인치,312,156,468
강원,횡성군,전기승용,케이지모빌리티,토레스 EVX 18인치,354,177,531
강원,횡성군,전기승용,케이지모빌리티,토레스 EVX 20인치,344,172,516
강원,횡성군,전기승용,케이지모빌리티,토레스 EVX 18인치(2026),361,180,541
강원,횡성군,전기승용,케이지모빌리티,토레스 EVX 20인치(2026),354,177,531
강원,영월군,전기승용,케이지모빌리티,토레스 EVX 2WD 18인치,327,163,490
강원,영월군,전기승용,케이지모빌리티,토레스 EVX 2WD 20인치,312,156,468
강원,영월군,전기승용,케이지모빌리티,토레스 EVX 18인치,354,177,531
강원,영월군,전기승용,케이지모빌리티,토레스 EVX 20인치,344,172,516
강원,영월군,전기승용,케이지모빌리티,토레스 EVX 18인치(2026),361,180,541
강원,영월군,전기승용,케이지모빌리티,토레스 EVX 20인치(2026),354,177,531
강원,평창군,전기승용,케이지모빌리티,토레스 EVX 2WD 18인치,327,163,490
강원,평창군,전기승용,케이지모빌리티,토레스 EVX 2WD 20인치,312,156,468
강원,평창군,전기승용,케이지모빌리티,토레스 EVX 18인치,354,177,531
강원,평창군,전기승용,케이지모빌리티,토레스 EVX 20인치,344,156,500
강원,평창군,전기승용,케이지모빌리티,토레스 EVX 18인치(2026),361,180,541
강원,평창군,전기승용,케이지모빌리티,토레스 EVX 20인치(2026),354,177,531
강원,정선군,전기승용,케이지모빌리티,토레스 EVX 2WD 18인치,327,163,490
강원,정선군,전기승용,케이지모빌리티,토레스 EVX 2WD 20인치,312,156,468
강원,정선군,전기승용,케이지모빌리티,토레스 EVX 18인치,354,177,531
강원,정선군,전기승용,케이지모빌리티,토레스 EVX 20인치,344,172,516
강원,정선군,전기승용,케이지모빌리티,토레스 EVX 18인치(2026),361,180,541
강원,정선군,전기승용,케이지모빌리티,토레스 EVX 20인치(2026),354,177,531
강원,철원군,전기승용,케이지모빌리티,토레스 EVX 2WD 18인치,327,163,490
강원,철원군,전기승용,케이지모빌리티,토레스 EVX 2WD 20인치,312,156,468
강원,철원군,전기승용,케이지모빌리티,토레스 EVX 18인치,354,177,531
강원,철원군,전기승용,케이지모빌리티,토레스 EVX 20인치,344,172,516
강원,철원군,전기승용,케이지모빌리티,토레스 EVX 18인치(2026),361,180,541
강원,철원군,전기승용,케이지모빌리티,토레스 EVX 20인치(2026),354,177,531
강원,화천군,전기승용,케이지모빌리티,토레스 EVX 2WD 18인치,327,163,490
강원,화천군,전기승용,케이지모빌리티,토레스 EVX 2WD 20인치,312,156,468
강원,화천군,전기승용,케이지모빌리티,토레스 EVX 18인치,354,177,531
강원,화천군,전기승용,케이지모빌리티,토레스 EVX 20인치,344,172,516
강원,화천군,전기승용,케이지모빌리티,토레스 EVX 18인치(2026),361,180,541
강원,화천군,전기승용,케이지모빌리티,토레스 EVX 20인치(2026),354,177,531
강원,양구군,전기승용,케이지모빌리티,토레스 EVX 2WD 18인치,327,163,490
강원,양구군,전기승용,케이지모빌리티,토레스 EVX 2WD 20인치,312,156,468
강원,양구군,전기승용,케이지모빌리티,토레스 EVX 18인치,354,177,531
강원,양구군,전기승용,케이지모빌리티,토레스 EVX 20인치,344,172,516
강원,양구군,전기승용,케이지모빌리티,토레스 EVX 18인치(2026),361,180,541
강원,양구군,전기승용,케이지모빌리티,토레스 EVX 20인치(2026),354,177,531
강원,인제군,전기승용,케이지모빌리티,토레스 EVX 2WD 18인치,327,163,490
강원,인제군,전기승용,케이지모빌리티,토레스 EVX 2WD 20인치,312,156,468
강원,인제군,전기승용,케이지모빌리티,토레스 EVX 18인치,354,177,531
강원,인제군,전기승용,케이지모빌리티,토레스 EVX 20인치,344,172,516
강원,인제군,전기승용,케이지모빌리티,토레스 EVX 18인치(2026),361,180,541
강원,인제군,전기승용,케이지모빌리티,토레스 EVX 20인치(2026),354,177,531
강원,고성군,전기승용,케이지모빌리티,토레스 EVX 2WD 18인치,327,163,490
강원,고성군,전기승용,케이지모빌리티,토레스 EVX 2WD 20인치,312,156,468
강원,고성군,전기승용,케이지모빌리티,토레스 EVX 18인치,354,177,531
강원,고성군,전기승용,케이지모빌리티,토레스 EVX 20인치,344,172,516
강원,고성군,전기승용,케이지모빌리티,토레스 EVX 18인치(2026),361,180,541
강원,고성군,전기승용,케이지모빌리티,토레스 EVX 20인치(2026),354,177,531
강원,양양군,전기승용,케이지모빌리티,토레스 EVX 2WD 18인치,327,163,490
강원,양양군,전기승용,케이지모빌리티,토레스 EVX 2WD 20인치,312,156,468
강원,양양군,전기승용,케이지모빌리티,토레스 EVX 18인치,354,177,531
강원,양양군,전기승용,케이지모빌리티,토레스 EVX 20인치,344,172,516
강원,양양군,전기승용,케이지모빌리티,토레스 EVX 18인치(2026),361,180,541
강원,양양군,전기승용,케이지모빌리티,토레스 EVX 20인치(2026),354,177,531
충북,청주시,전기승용,케이지모빌리티,토레스 EVX 2WD 18인치,327,327,654
충북,청주시,전기승용,케이지모빌리티,토레스 EVX 2WD 20인치,312,312,624
충북,청주시,전기승용,케이지모빌리티,토레스 EVX 18인치,354,354,708
충북,청주시,전기승용,케이지모빌리티,토레스 EVX 20인치,344,344,688
충북,청주시,전기승용,케이지모빌리티,토레스 EVX 18인치(2026),361,361,722
충북,청주시,전기승용,케이지모빌리티,토레스 EVX 20인치(2026),354,354,708
충북,충주시,전기승용,케이지모빌리티,토레스 EVX 2WD 18인치,327,327,654
충북,충주시,전기승용,케이지모빌리티,토레스 EVX 2WD 20인치,312,312,624
충북,충주시,전기승용,케이지모빌리티,토레스 EVX 18인치,354,354,708
충북,충주시,전기승용,케이지모빌리티,토레스 EVX 20인치,344,344,688
충북,충주시,전기승용,케이지모빌리티,토레스 EVX 18인치(2026),361,361,722
충북,충주시,전기승용,케이지모빌리티,토레스 EVX 20인치(2026),354,354,708
충북,제천시,전기승용,케이지모빌리티,토레스 EVX 2WD 18인치,327,327,654
충북,제천시,전기승용,케이지모빌리티,토레스 EVX 2WD 20인치,312,312,624
충북,제천시,전기승용,케이지모빌리티,토레스 EVX 18인치,354,354,708
충북,제천시,전기승용,케이지모빌리티,토레스 EVX 20인치,344,344,688
충북,제천시,전기승용,케이지모빌리티,토레스 EVX 18인치(2026),361,361,722
충북,제천시,전기승용,케이지모빌리티,토레스 EVX 20인치(2026),354,354,708
충북,보은군,전기승용,케이지모빌리티,토레스 EVX 2WD 18인치,327,327,654
충북,보은군,전기승용,케이지모빌리티,토레스 EVX 2WD 20인치,312,312,624
충북,보은군,전기승용,케이지모빌리티,토레스 EVX 18인치,354,354,708
충북,보은군,전기승용,케이지모빌리티,토레스 EVX 20인치,344,344,688
충북,보은군,전기승용,케이지모빌리티,토레스 EVX 18인치(2026),361,361,722
충북,보은군,전기승용,케이지모빌리티,토레스 EVX 20인치(2026),354,354,708
충북,옥천군,전기승용,케이지모빌리티,토레스 EVX 2WD 18인치,327,327,654
충북,옥천군,전기승용,케이지모빌리티,토레스 EVX 2WD 20인치,312,312,624
충북,옥천군,전기승용,케이지모빌리티,토레스 EVX 18인치,354,354,708
충북,옥천군,전기승용,케이지모빌리티,토레스 EVX 20인치,344,344,688
충북,옥천군,전기승용,케이지모빌리티,토레스 EVX 18인치(2026),361,361,722
충북,옥천군,전기승용,케이지모빌리티,토레스 EVX 20인치(2026),354,354,708
충북,증평군,전기승용,케이지모빌리티,토레스 EVX 2WD 18인치,327,327,654
충북,증평군,전기승용,케이지모빌리티,토레스 EVX 2WD 20인치,312,312,624
충북,증평군,전기승용,케이지모빌리티,토레스 EVX 18인치,354,354,708
충북,증평군,전기승용,케이지모빌리티,토레스 EVX 20인치,344,344,688
충북,증평군,전기승용,케이지모빌리티,토레스 EVX 18인치(2026),361,361,722
충북,증평군,전기승용,케이지모빌리티,토레스 EVX 20인치(2026),354,354,708
충북,영동군,전기승용,케이지모빌리티,토레스 EVX 2WD 18인치,327,327,654
충북,영동군,전기승용,케이지모빌리티,토레스 EVX 2WD 20인치,312,312,624
충북,영동군,전기승용,케이지모빌리티,토레스 EVX 18인치,354,354,708
충북,영동군,전기승용,케이지모빌리티,토레스 EVX 20인치,344,344,688
충북,영동군,전기승용,케이지모빌리티,토레스 EVX 18인치(2026),361,361,722
충북,영동군,전기승용,케이지모빌리티,토레스 EVX 20인치(2026),354,354,708
충북,진천군,전기승용,케이지모빌리티,토레스 EVX 2WD 18인치,327,327,654
충북,진천군,전기승용,케이지모빌리티,토레스 EVX 2WD 20인치,312,312,624
충북,진천군,전기승용,케이지모빌리티,토레스 EVX 18인치,354,354,708
충북,진천군,전기승용,케이지모빌리티,토레스 EVX 20인치,344,344,688
충북,진천군,전기승용,케이지모빌리티,토레스 EVX 18인치(2026),361,361,722
충북,진천군,전기승용,케이지모빌리티,토레스 EVX 20인치(2026),354,354,708
충북,괴산군,전기승용,케이지모빌리티,토레스 EVX 2WD 18인치,327,327,654
충북,괴산군,전기승용,케이지모빌리티,토레스 EVX 2WD 20인치,312,312,624
충북,괴산군,전기승용,케이지모빌리티,토레스 EVX 18인치,354,354,708
충북,괴산군,전기승용,케이지모빌리티,토레스 EVX 20인치,344,344,688
충북,괴산군,전기승용,케이지모빌리티,토레스 EVX 18인치(2026),361,361,722
충북,괴산군,전기승용,케이지모빌리티,토레스 EVX 20인치(2026),354,354,708
충북,음성군,전기승용,케이지모빌리티,토레스 EVX 2WD 18인치,327,327,654
충북,음성군,전기승용,케이지모빌리티,토레스 EVX 2WD 20인치,312,312,624
충북,음성군,전기승용,케이지모빌리티,토레스 EVX 18인치,354,354,708
충북,음성군,전기승용,케이지모빌리티,토레스 EVX 20인치,344,344,688
충북,음성군,전기승용,케이지모빌리티,토레스 EVX 18인치(2026),361,361,722
충북,음성군,전기승용,케이지모빌리티,토레스 EVX 20인치(2026),354,354,708
충북,단양군,전기승용,케이지모빌리티,토레스 EVX 2WD 18인치,327,327,654
충북,단양군,전기승용,케이지모빌리티,토레스 EVX 2WD 20인치,312,312,624
충북,단양군,전기승용,케이지모빌리티,토레스 EVX 18인치,354,354,708
충북,단양군,전기승용,케이지모빌리티,토레스 EVX 20인치,344,344,688
충북,단양군,전기승용,케이지모빌리티,토레스 EVX 18인치(2026),361,361,722
충북,단양군,전기승용,케이지모빌리티,토레스 EVX 20인치(2026),354,354,708
충남,천안시,전기승용,케이지모빌리티,토레스 EVX 2WD 18인치,327,339,666
충남,천안시,전기승용,케이지모빌리티,토레스 EVX 2WD 20인치,312,323,635
충남,천안시,전기승용,케이지모빌리티,토레스 EVX 18인치,354,366,720
충남,천안시,전기승용,케이지모빌리티,토레스 EVX 20인치,344,356,700
충남,천안시,전기승용,케이지모빌리티,토레스 EVX 18인치(2026),361,373,734
충남,천안시,전기승용,케이지모빌리티,토레스 EVX 20인치(2026),354,366,720
충남,공주시,전기승용,케이지모빌리티,토레스 EVX 2WD 18인치,327,339,666
충남,공주시,전기승용,케이지모빌리티,토레스 EVX 2WD 20인치,312,323,635
충남,공주시,전기승용,케이지모빌리티,토레스 EVX 18인치,354,366,720
충남,공주시,전기승용,케이지모빌리티,토레스 EVX 20인치,344,356,700
충남,공주시,전기승용,케이지모빌리티,토레스 EVX 18인치(2026),361,373,734
충남,공주시,전기승용,케이지모빌리티,토레스 EVX 20인치(2026),354,366,720
충남,보령시,전기승용,케이지모빌리티,토레스 EVX 2WD 18인치,327,339,666
충남,보령시,전기승용,케이지모빌리티,토레스 EVX 2WD 20인치,312,323,635
충남,보령시,전기승용,케이지모빌리티,토레스 EVX 18인치,354,366,720
충남,보령시,전기승용,케이지모빌리티,토레스 EVX 20인치,344,356,700
충남,보령시,전기승용,케이지모빌리티,토레스 EVX 18인치(2026),361,373,734
충남,보령시,전기승용,케이지모빌리티,토레스 EVX 20인치(2026),354,366,720
충남,아산시,전기승용,케이지모빌리티,토레스 EVX 2WD 18인치,327,339,666
충남,아산시,전기승용,케이지모빌리티,토레스 EVX 2WD 20인치,312,323,635
충남,아산시,전기승용,케이지모빌리티,토레스 EVX 18인치,354,366,720
충남,아산시,전기승용,케이지모빌리티,토레스 EVX 20인치,344,356,700
충남,아산시,전기승용,케이지모빌리티,토레스 EVX 18인치(2026),361,373,734
충남,아산시,전기승용,케이지모빌리티,토레스 EVX 20인치(2026),354,366,720
충남,서산시,전기승용,케이지모빌리티,토레스 EVX 2WD 18인치,327,339,666
충남,서산시,전기승용,케이지모빌리티,토레스 EVX 2WD 20인치,312,323,635
충남,서산시,전기승용,케이지모빌리티,토레스 EVX 18인치,354,366,720
충남,서산시,전기승용,케이지모빌리티,토레스 EVX 20인치,344,356,700
충남,서산시,전기승용,케이지모빌리티,토레스 EVX 18인치(2026),361,373,734
충남,서산시,전기승용,케이지모빌리티,토레스 EVX 20인치(2026),354,366,720
충남,논산시,전기승용,케이지모빌리티,토레스 EVX 2WD 18인치,327,339,666
충남,논산시,전기승용,케이지모빌리티,토레스 EVX 2WD 20인치,312,323,635
충남,논산시,전기승용,케이지모빌리티,토레스 EVX 18인치,354,366,720
충남,논산시,전기승용,케이지모빌리티,토레스 EVX 20인치,344,356,700
충남,논산시,전기승용,케이지모빌리티,토레스 EVX 18인치(2026),361,373,734
충남,논산시,전기승용,케이지모빌리티,토레스 EVX 20인치(2026),354,366,720
충남,계룡시,전기승용,케이지모빌리티,토레스 EVX 2WD 18인치,327,339,666
충남,계룡시,전기승용,케이지모빌리티,토레스 EVX 2WD 20인치,312,323,635
충남,계룡시,전기승용,케이지모빌리티,토레스 EVX 18인치,354,366,720
충남,계룡시,전기승용,케이지모빌리티,토레스 EVX 20인치,344,356,700
충남,계룡시,전기승용,케이지모빌리티,토레스 EVX 18인치(2026),361,373,734
충남,계룡시,전기승용,케이지모빌리티,토레스 EVX 20인치(2026),354,366,720
충남,당진시,전기승용,케이지모빌리티,토레스 EVX 2WD 18인치,327,339,666
충남,당진시,전기승용,케이지모빌리티,토레스 EVX 2WD 20인치,312,323,635
충남,당진시,전기승용,케이지모빌리티,토레스 EVX 18인치,354,366,720
충남,당진시,전기승용,케이지모빌리티,토레스 EVX 20인치,344,356,700
충남,당진시,전기승용,케이지모빌리티,토레스 EVX 18인치(2026),361,373,734
충남,당진시,전기승용,케이지모빌리티,토레스 EVX 20인치(2026),354,366,720
충남,금산군,전기승용,케이지모빌리티,토레스 EVX 2WD 18인치,327,339,666
충남,금산군,전기승용,케이지모빌리티,토레스 EVX 2WD 20인치,312,323,635
충남,금산군,전기승용,케이지모빌리티,토레스 EVX 18인치,354,366,720
충남,금산군,전기승용,케이지모빌리티,토레스 EVX 20인치,344,356,700
충남,금산군,전기승용,케이지모빌리티,토레스 EVX 18인치(2026),361,373,734
충남,금산군,전기승용,케이지모빌리티,토레스 EVX 20인치(2026),354,366,720
충남,부여군,전기승용,케이지모빌리티,토레스 EVX 2WD 18인치,327,339,666
충남,부여군,전기승용,케이지모빌리티,토레스 EVX 2WD 20인치,312,323,635
충남,부여군,전기승용,케이지모빌리티,토레스 EVX 18인치,354,366,720
충남,부여군,전기승용,케이지모빌리티,토레스 EVX 20인치,344,356,700
충남,부여군,전기승용,케이지모빌리티,토레스 EVX 18인치(2026),361,373,734
충남,부여군,전기승용,케이지모빌리티,토레스 EVX 20인치(2026),354,366,720
충남,서천군,전기승용,케이지모빌리티,토레스 EVX 2WD 18인치,327,339,666
충남,서천군,전기승용,케이지모빌리티,토레스 EVX 2WD 20인치,312,323,635
충남,서천군,전기승용,케이지모빌리티,토레스 EVX 18인치,354,366,720
충남,서천군,전기승용,케이지모빌리티,토레스 EVX 20인치,344,356,700
충남,서천군,전기승용,케이지모빌리티,토레스 EVX 18인치(2026),361,373,734
충남,서천군,전기승용,케이지모빌리티,토레스 EVX 20인치(2026),354,366,720
충남,청양군,전기승용,케이지모빌리티,토레스 EVX 2WD 18인치,327,339,666
충남,청양군,전기승용,케이지모빌리티,토레스 EVX 2WD 20인치,312,323,635
충남,청양군,전기승용,케이지모빌리티,토레스 EVX 18인치,354,366,720
충남,청양군,전기승용,케이지모빌리티,토레스 EVX 20인치,344,356,700
충남,청양군,전기승용,케이지모빌리티,토레스 EVX 18인치(2026),361,373,734
충남,청양군,전기승용,케이지모빌리티,토레스 EVX 20인치(2026),354,366,720
충남,홍성군,전기승용,케이지모빌리티,토레스 EVX 2WD 18인치,327,339,666
충남,홍성군,전기승용,케이지모빌리티,토레스 EVX 2WD 20인치,312,323,635
충남,홍성군,전기승용,케이지모빌리티,토레스 EVX 18인치,354,366,720
충남,홍성군,전기승용,케이지모빌리티,토레스 EVX 20인치,344,356,700
충남,홍성군,전기승용,케이지모빌리티,토레스 EVX 18인치(2026),361,373,734
충남,홍성군,전기승용,케이지모빌리티,토레스 EVX 20인치(2026),354,366,720
충남,예산군,전기승용,케이지모빌리티,토레스 EVX 2WD 18인치,327,339,666
충남,예산군,전기승용,케이지모빌리티,토레스 EVX 2WD 20인치,312,323,635
충남,예산군,전기승용,케이지모빌리티,토레스 EVX 18인치,354,366,720
충남,예산군,전기승용,케이지모빌리티,토레스 EVX 20인치,344,356,700
충남,예산군,전기승용,케이지모빌리티,토레스 EVX 18인치(2026),361,373,734
충남,예산군,전기승용,케이지모빌리티,토레스 EVX 20인치(2026),354,366,720
전북,전주시,전기승용,케이지모빌리티,토레스 EVX 2WD 18인치,327,355,682
전북,전주시,전기승용,케이지모빌리티,토레스 EVX 2WD 20인치,312,338,650
전북,전주시,전기승용,케이지모빌리티,토레스 EVX 18인치,354,384,738
전북,전주시,전기승용,케이지모빌리티,토레스 EVX 20인치,344,373,717
전북,전주시,전기승용,케이지모빌리티,토레스 EVX 18인치(2026),361,392,753
전북,전주시,전기승용,케이지모빌리티,토레스 EVX 20인치(2026),354,384,738
전북,익산시,전기승용,케이지모빌리티,토레스 EVX 2WD 18인치,327,355,682
전북,익산시,전기승용,케이지모빌리티,토레스 EVX 2WD 20인치,312,338,650
전북,익산시,전기승용,케이지모빌리티,토레스 EVX 18인치,354,384,738
전북,익산시,전기승용,케이지모빌리티,토레스 EVX 20인치,344,373,717
전북,익산시,전기승용,케이지모빌리티,토레스 EVX 18인치(2026),361,392,753
전북,익산시,전기승용,케이지모빌리티,토레스 EVX 20인치(2026),354,384,738
전북,남원시,전기승용,케이지모빌리티,토레스 EVX 2WD 18인치,327,355,682
전북,남원시,전기승용,케이지모빌리티,토레스 EVX 2WD 20인치,312,338,650
전북,남원시,전기승용,케이지모빌리티,토레스 EVX 18인치,354,384,738
전북,남원시,전기승용,케이지모빌리티,토레스 EVX 20인치,344,373,717
전북,남원시,전기승용,케이지모빌리티,토레스 EVX 18인치(2026),361,392,753
전북,남원시,전기승용,케이지모빌리티,토레스 EVX 20인치(2026),354,384,738
전북,진안군,전기승용,케이지모빌리티,토레스 EVX 2WD 18인치,327,355,682
전북,진안군,전기승용,케이지모빌리티,토레스 EVX 2WD 20인치,312,338,650
전북,진안군,전기승용,케이지모빌리티,토레스 EVX 18인치,354,384,738
전북,진안군,전기승용,케이지모빌리티,토레스 EVX 20인치,344,373,717
전북,진안군,전기승용,케이지모빌리티,토레스 EVX 18인치(2026),361,392,753
전북,진안군,전기승용,케이지모빌리티,토레스 EVX 20인치(2026),354,384,738
전북,무주군,전기승용,케이지모빌리티,토레스 EVX 2WD 18인치,327,355,682
전북,무주군,전기승용,케이지모빌리티,토레스 EVX 2WD 20인치,312,338,650
전북,무주군,전기승용,케이지모빌리티,토레스 EVX 18인치,354,384,738
전북,무주군,전기승용,케이지모빌리티,토레스 EVX 20인치,344,373,717
전북,무주군,전기승용,케이지모빌리티,토레스 EVX 18인치(2026),361,392,753
전북,무주군,전기승용,케이지모빌리티,토레스 EVX 20인치(2026),354,384,738
전남,목포시,전기승용,케이지모빌리티,토레스 EVX 2WD 18인치,327,228,555
전남,목포시,전기승용,케이지모빌리티,토레스 EVX 2WD 20인치,312,218,530
전남,목포시,전기승용,케이지모빌리티,토레스 EVX 18인치,354,247,601
전남,목포시,전기승용,케이지모빌리티,토레스 EVX 20인치,344,240,584
전남,목포시,전기승용,케이지모빌리티,토레스 EVX 18인치(2026),361,252,613
전남,목포시,전기승용,케이지모빌리티,토레스 EVX 20인치(2026),354,247,601
전남,여수시,전기승용,케이지모빌리티,토레스 EVX 2WD 18인치,327,228,555
전남,여수시,전기승용,케이지모빌리티,토레스 EVX 2WD 20인치,312,218,530
전남,여수시,전기승용,케이지모빌리티,토레스 EVX 18인치,354,247,601
전남,여수시,전기승용,케이지모빌리티,토레스 EVX 20인치,344,240,584
전남,여수시,전기승용,케이지모빌리티,토레스 EVX 18인치(2026),361,252,613
전남,여수시,전기승용,케이지모빌리티,토레스 EVX 20인치(2026),354,247,601
전남,순천시,전기승용,케이지모빌리티,토레스 EVX 2WD 18인치,327,228,555
전남,순천시,전기승용,케이지모빌리티,토레스 EVX 2WD 20인치,312,218,530
전남,순천시,전기승용,케이지모빌리티,토레스 EVX 18인치,354,247,601
전남,순천시,전기승용,케이지모빌리티,토레스 EVX 20인치,344,240,584
전남,순천시,전기승용,케이지모빌리티,토레스 EVX 18인치(2026),361,252,613
전남,순천시,전기승용,케이지모빌리티,토레스 EVX 20인치(2026),354,247,601
전남,나주시,전기승용,케이지모빌리티,토레스 EVX 2WD 18인치,327,327,654
전남,나주시,전기승용,케이지모빌리티,토레스 EVX 2WD 20인치,312,312,624
전남,나주시,전기승용,케이지모빌리티,토레스 EVX 18인치,354,354,708
전남,나주시,전기승용,케이지모빌리티,토레스 EVX 20인치,344,344,688
전남,나주시,전기승용,케이지모빌리티,토레스 EVX 18인치(2026),361,361,722
전남,나주시,전기승용,케이지모빌리티,토레스 EVX 20인치(2026),354,354,708
전남,광양시,전기승용,케이지모빌리티,토레스 EVX 2WD 18인치,327,228,555
전남,광양시,전기승용,케이지모빌리티,토레스 EVX 2WD 20인치,312,218,530
전남,광양시,전기승용,케이지모빌리티,토레스 EVX 18인치,354,247,601
전남,광양시,전기승용,케이지모빌리티,토레스 EVX 20인치,344,240,584
전남,광양시,전기승용,케이지모빌리티,토레스 EVX 18인치(2026),361,252,613
전남,광양시,전기승용,케이지모빌리티,토레스 EVX 20인치(2026),354,247,601
전남,담양군,전기승용,케이지모빌리티,토레스 EVX 2WD 18인치,327,436,763
전남,담양군,전기승용,케이지모빌리티,토레스 EVX 2WD 20인치,312,416,728
전남,담양군,전기승용,케이지모빌리티,토레스 EVX 18인치,354,472,826
전남,담양군,전기승용,케이지모빌리티,토레스 EVX 20인치,344,458,802
전남,담양군,전기승용,케이지모빌리티,토레스 EVX 18인치(2026),361,481,842
전남,담양군,전기승용,케이지모빌리티,토레스 EVX 20인치(2026),354,472,826
전남,곡성군,전기승용,케이지모빌리티,토레스 EVX 2WD 18인치,327,327,654
전남,곡성군,전기승용,케이지모빌리티,토레스 EVX 2WD 20인치,312,312,624
전남,곡성군,전기승용,케이지모빌리티,토레스 EVX 18인치,354,354,708
전남,곡성군,전기승용,케이지모빌리티,토레스 EVX 20인치,344,344,688
전남,곡성군,전기승용,케이지모빌리티,토레스 EVX 18인치(2026),361,361,722
전남,곡성군,전기승용,케이지모빌리티,토레스 EVX 20인치(2026),354,354,708
전남,구례군,전기승용,케이지모빌리티,토레스 EVX 2WD 18인치,327,422,749
전남,구례군,전기승용,케이지모빌리티,토레스 EVX 2WD 20인치,312,403,715
전남,구례군,전기승용,케이지모빌리티,토레스 EVX 18인치,354,457,811
전남,구례군,전기승용,케이지모빌리티,토레스 EVX 20인치,344,444,788
전남,구례군,전기승용,케이지모빌리티,토레스 EVX 18인치(2026),361,466,827
전남,구례군,전기승용,케이지모빌리티,토레스 EVX 20인치(2026),354,457,811
전남,고흥군,전기승용,케이지모빌리티,토레스 EVX 2WD 18인치,327,490,817
전남,고흥군,전기승용,케이지모빌리티,토레스 EVX 2WD 20인치,312,468,780
전남,고흥군,전기승용,케이지모빌리티,토레스 EVX 18인치,354,531,885
전남,고흥군,전기승용,케이지모빌리티,토레스 EVX 20인치,344,516,860
전남,고흥군,전기승용,케이지모빌리티,토레스 EVX 18인치(2026),361,541,902
전남,고흥군,전기승용,케이지모빌리티,토레스 EVX 20인치(2026),354,531,885
전남,보성군,전기승용,케이지모빌리티,토레스 EVX 2WD 18인치,327,490,817
전남,보성군,전기승용,케이지모빌리티,토레스 EVX 2WD 20인치,312,468,780
전남,보성군,전기승용,케이지모빌리티,토레스 EVX 18인치,354,531,885
전남,보성군,전기승용,케이지모빌리티,토레스 EVX 20인치,344,516,860
전남,보성군,전기승용,케이지모빌리티,토레스 EVX 18인치(2026),361,541,902
전남,보성군,전기승용,케이지모빌리티,토레스 EVX 20인치(2026),354,531,885
전남,화순군,전기승용,케이지모빌리티,토레스 EVX 2WD 18인치,327,327,654
전남,화순군,전기승용,케이지모빌리티,토레스 EVX 2WD 20인치,312,312,624
전남,화순군,전기승용,케이지모빌리티,토레스 EVX 18인치,354,354,708
전남,화순군,전기승용,케이지모빌리티,토레스 EVX 20인치,344,344,688
전남,화순군,전기승용,케이지모빌리티,토레스 EVX 18인치(2026),361,361,722
전남,화순군,전기승용,케이지모빌리티,토레스 EVX 20인치(2026),354,354,708
전남,장흥군,전기승용,케이지모빌리티,토레스 EVX 2WD 18인치,327,436,763
전남,장흥군,전기승용,케이지모빌리티,토레스 EVX 2WD 20인치,312,416,728
전남,장흥군,전기승용,케이지모빌리티,토레스 EVX 18인치,354,472,826
전남,장흥군,전기승용,케이지모빌리티,토레스 EVX 20인치,344,458,802
전남,장흥군,전기승용,케이지모빌리티,토레스 EVX 18인치(2026),361,481,842
전남,장흥군,전기승용,케이지모빌리티,토레스 EVX 20인치(2026),354,472,826
전남,강진군,전기승용,케이지모빌리티,토레스 EVX 2WD 18인치,327,436,763
전남,강진군,전기승용,케이지모빌리티,토레스 EVX 2WD 20인치,312,416,728
전남,강진군,전기승용,케이지모빌리티,토레스 EVX 18인치,354,472,826
전남,강진군,전기승용,케이지모빌리티,토레스 EVX 20인치,344,458,802
전남,강진군,전기승용,케이지모빌리티,토레스 EVX 18인치(2026),361,481,842
전남,강진군,전기승용,케이지모빌리티,토레스 EVX 20인치(2026),354,472,826
전남,해남군,전기승용,케이지모빌리티,토레스 EVX 2WD 18인치,327,477,804
전남,해남군,전기승용,케이지모빌리티,토레스 EVX 2WD 20인치,312,462,774
전남,해남군,전기승용,케이지모빌리티,토레스 EVX 18인치,354,504,858
전남,해남군,전기승용,케이지모빌리티,토레스 EVX 20인치,344,494,838
전남,해남군,전기승용,케이지모빌리티,토레스 EVX 18인치(2026),361,511,872
전남,해남군,전기승용,케이지모빌리티,토레스 EVX 20인치(2026),354,504,858
전남,영암군,전기승용,케이지모빌리티,토레스 EVX 2WD 18인치,327,379,706
전남,영암군,전기승용,케이지모빌리티,토레스 EVX 2WD 20인치,312,368,680
전남,영암군,전기승용,케이지모빌리티,토레스 EVX 18인치,354,398,752
전남,영암군,전기승용,케이지모빌리티,토레스 EVX 20인치,344,391,735
전남,영암군,전기승용,케이지모빌리티,토레스 EVX 18인치(2026),361,403,764
전남,영암군,전기승용,케이지모빌리티,토레스 EVX 20인치(2026),354,398,752
전남,무안군,전기승용,케이지모빌리티,토레스 EVX 2WD 18인치,327,327,654
전남,무안군,전기승용,케이지모빌리티,토레스 EVX 2WD 20인치,312,312,624
전남,무안군,전기승용,케이지모빌리티,토레스 EVX 18인치,354,354,708
전남,무안군,전기승용,케이지모빌리티,토레스 EVX 20인치,344,344,688
전남,무안군,전기승용,케이지모빌리티,토레스 EVX 18인치(2026),361,361,722
전남,무안군,전기승용,케이지모빌리티,토레스 EVX 20인치(2026),354,354,708
전남,함평군,전기승용,케이지모빌리티,토레스 EVX 2WD 18인치,327,381,708
전남,함평군,전기승용,케이지모빌리티,토레스 EVX 2WD 20인치,312,364,676
전남,함평군,전기승용,케이지모빌리티,토레스 EVX 18인치,354,413,767
전남,함평군,전기승용,케이지모빌리티,토레스 EVX 20인치,344,401,745
전남,함평군,전기승용,케이지모빌리티,토레스 EVX 18인치(2026),361,421,782
전남,함평군,전기승용,케이지모빌리티,토레스 EVX 20인치(2026),354,413,767
전남,영광군,전기승용,케이지모빌리티,토레스 EVX 2WD 18인치,327,392,719
전남,영광군,전기승용,케이지모빌리티,토레스 EVX 2WD 20인치,312,374,686
전남,영광군,전기승용,케이지모빌리티,토레스 EVX 18인치,354,424,778
전남,영광군,전기승용,케이지모빌리티,토레스 EVX 20인치,344,412,756
전남,영광군,전기승용,케이지모빌리티,토레스 EVX 18인치(2026),361,433,794
전남,영광군,전기승용,케이지모빌리티,토레스 EVX 20인치(2026),354,424,778
전남,장성군,전기승용,케이지모빌리티,토레스 EVX 2WD 18인치,327,327,654
전남,장성군,전기승용,케이지모빌리티,토레스 EVX 2WD 20인치,312,312,624
전남,장성군,전기승용,케이지모빌리티,토레스 EVX 18인치,354,354,708
전남,장성군,전기승용,케이지모빌리티,토레스 EVX 20인치,344,344,688
전남,장성군,전기승용,케이지모빌리티,토레스 EVX 18인치(2026),361,361,722
전남,장성군,전기승용,케이지모빌리티,토레스 EVX 20인치(2026),354,354,708
전남,완도군,전기승용,케이지모빌리티,토레스 EVX 2WD 18인치,327,490,817
전남,완도군,전기승용,케이지모빌리티,토레스 EVX 2WD 20인치,312,468,780
전남,완도군,전기승용,케이지모빌리티,토레스 EVX 18인치,354,531,885
전남,완도군,전기승용,케이지모빌리티,토레스 EVX 20인치,344,516,860
전남,완도군,전기승용,케이지모빌리티,토레스 EVX 18인치(2026),361,541,902
전남,완도군,전기승용,케이지모빌리티,토레스 EVX 20인치(2026),354,531,885
전남,진도군,전기승용,케이지모빌리티,토레스 EVX 2WD 18인치,327,477,804
전남,진도군,전기승용,케이지모빌리티,토레스 EVX 2WD 20인치,312,462,774
전남,진도군,전기승용,케이지모빌리티,토레스 EVX 18인치,354,504,858
전남,진도군,전기승용,케이지모빌리티,토레스 EVX 20인치,344,494,838
전남,진도군,전기승용,케이지모빌리티,토레스 EVX 18인치(2026),361,511,872
전남,진도군,전기승용,케이지모빌리티,토레스 EVX 20인치(2026),354,504,858
전남,신안군,전기승용,케이지모빌리티,토레스 EVX 2WD 18인치,327,327,654
전남,신안군,전기승용,케이지모빌리티,토레스 EVX 2WD 20인치,312,312,624
전남,신안군,전기승용,케이지모빌리티,토레스 EVX 18인치,354,354,708
전남,신안군,전기승용,케이지모빌리티,토레스 EVX 20인치,344,344,688
전남,신안군,전기승용,케이지모빌리티,토레스 EVX 18인치(2026),361,361,722
전남,신안군,전기승용,케이지모빌리티,토레스 EVX 20인치(2026),354,354,708
경북,포항시,전기승용,케이지모빌리티,토레스 EVX 2WD 18인치,327,336,663
경북,포항시,전기승용,케이지모빌리티,토레스 EVX 2WD 20인치,312,321,633
경북,포항시,전기승용,케이지모빌리티,토레스 EVX 18인치,354,364,718
경북,포항시,전기승용,케이지모빌리티,토레스 EVX 20인치,344,354,698
경북,포항시,전기승용,케이지모빌리티,토레스 EVX 18인치(2026),361,371,732
경북,포항시,전기승용,케이지모빌리티,토레스 EVX 20인치(2026),354,364,718
경북,경주시,전기승용,케이지모빌리티,토레스 EVX 2WD 18인치,327,336,663
경북,경주시,전기승용,케이지모빌리티,토레스 EVX 2WD 20인치,312,321,633
경북,경주시,전기승용,케이지모빌리티,토레스 EVX 18인치,354,364,718
경북,경주시,전기승용,케이지모빌리티,토레스 EVX 20인치,344,354,698
경북,경주시,전기승용,케이지모빌리티,토레스 EVX 18인치(2026),361,371,732
경북,경주시,전기승용,케이지모빌리티,토레스 EVX 20인치(2026),354,364,718
경북,김천시,전기승용,케이지모빌리티,토레스 EVX 2WD 18인치,327,336,663
경북,김천시,전기승용,케이지모빌리티,토레스 EVX 2WD 20인치,312,321,633
경북,김천시,전기승용,케이지모빌리티,토레스 EVX 18인치,354,364,718
경북,김천시,전기승용,케이지모빌리티,토레스 EVX 20인치,344,354,698
경북,김천시,전기승용,케이지모빌리티,토레스 EVX 18인치(2026),361,371,732
경북,김천시,전기승용,케이지모빌리티,토레스 EVX 20인치(2026),354,364,718
경북,안동시,전기승용,케이지모빌리티,토레스 EVX 2WD 18인치,327,336,663
경북,안동시,전기승용,케이지모빌리티,토레스 EVX 2WD 20인치,312,321,633
경북,안동시,전기승용,케이지모빌리티,토레스 EVX 18인치,354,364,718
경북,안동시,전기승용,케이지모빌리티,토레스 EVX 20인치,344,354,698
경북,안동시,전기승용,케이지모빌리티,토레스 EVX 18인치(2026),361,371,732
경북,안동시,전기승용,케이지모빌리티,토레스 EVX 20인치(2026),354,364,718
경북,구미시,전기승용,케이지모빌리티,토레스 EVX 2WD 18인치,327,336,663
경북,구미시,전기승용,케이지모빌리티,토레스 EVX 2WD 20인치,312,321,633
경북,구미시,전기승용,케이지모빌리티,토레스 EVX 18인치,354,364,718
경북,구미시,전기승용,케이지모빌리티,토레스 EVX 20인치,344,354,698
경북,구미시,전기승용,케이지모빌리티,토레스 EVX 18인치(2026),361,371,732
경북,구미시,전기승용,케이지모빌리티,토레스 EVX 20인치(2026),354,364,718
경북,영주시,전기승용,케이지모빌리티,토레스 EVX 2WD 18인치,327,336,663
경북,영주시,전기승용,케이지모빌리티,토레스 EVX 2WD 20인치,312,321,633
경북,영주시,전기승용,케이지모빌리티,토레스 EVX 18인치,354,364,718
경북,영주시,전기승용,케이지모빌리티,토레스 EVX 20인치,344,354,698
경북,영주시,전기승용,케이지모빌리티,토레스 EVX 18인치(2026),361,371,732
경북,영주시,전기승용,케이지모빌리티,토레스 EVX 20인치(2026),354,364,718
경북,영천시,전기승용,케이지모빌리티,토레스 EVX 2WD 18인치,327,336,663
경북,영천시,전기승용,케이지모빌리티,토레스 EVX 2WD 20인치,312,321,633
경북,영천시,전기승용,케이지모빌리티,토레스 EVX 18인치,354,364,718
경북,영천시,전기승용,케이지모빌리티,토레스 EVX 20인치,344,354,698
경북,영천시,전기승용,케이지모빌리티,토레스 EVX 18인치(2026),361,371,732
경북,영천시,전기승용,케이지모빌리티,토레스 EVX 20인치(2026),354,364,718
경북,상주시,전기승용,케이지모빌리티,토레스 EVX 2WD 18인치,327,336,663
경북,상주시,전기승용,케이지모빌리티,토레스 EVX 2WD 20인치,312,321,633
경북,상주시,전기승용,케이지모빌리티,토레스 EVX 18인치,354,364,718
경북,상주시,전기승용,케이지모빌리티,토레스 EVX 20인치,344,354,698
경북,상주시,전기승용,케이지모빌리티,토레스 EVX 18인치(2026),361,371,732
경북,상주시,전기승용,케이지모빌리티,토레스 EVX 20인치(2026),354,364,718
경북,문경시,전기승용,케이지모빌리티,토레스 EVX 2WD 18인치,327,336,663
경북,문경시,전기승용,케이지모빌리티,토레스 EVX 2WD 20인치,312,321,633
경북,문경시,전기승용,케이지모빌리티,토레스 EVX 18인치,354,364,718
경북,문경시,전기승용,케이지모빌리티,토레스 EVX 20인치,344,354,698
경북,문경시,전기승용,케이지모빌리티,토레스 EVX 18인치(2026),361,371,732
경북,문경시,전기승용,케이지모빌리티,토레스 EVX 20인치(2026),354,364,718
경북,경산시,전기승용,케이지모빌리티,토레스 EVX 2WD 18인치,327,336,663
경북,경산시,전기승용,케이지모빌리티,토레스 EVX 2WD 20인치,312,321,633
경북,경산시,전기승용,케이지모빌리티,토레스 EVX 18인치,354,364,718
경북,경산시,전기승용,케이지모빌리티,토레스 EVX 20인치,344,354,698
경북,경산시,전기승용,케이지모빌리티,토레스 EVX 18인치(2026),361,371,732
경북,경산시,전기승용,케이지모빌리티,토레스 EVX 20인치(2026),354,364,718
경북,의성군,전기승용,케이지모빌리티,토레스 EVX 2WD 18인치,327,336,663
경북,의성군,전기승용,케이지모빌리티,토레스 EVX 2WD 20인치,312,321,633
경북,의성군,전기승용,케이지모빌리티,토레스 EVX 18인치,354,364,718
경북,의성군,전기승용,케이지모빌리티,토레스 EVX 20인치,344,354,698
경북,의성군,전기승용,케이지모빌리티,토레스 EVX 18인치(2026),361,371,732
경북,의성군,전기승용,케이지모빌리티,토레스 EVX 20인치(2026),354,364,718
경북,청송군,전기승용,케이지모빌리티,토레스 EVX 2WD 18인치,327,336,663
경북,청송군,전기승용,케이지모빌리티,토레스 EVX 2WD 20인치,312,321,633
경북,청송군,전기승용,케이지모빌리티,토레스 EVX 18인치,354,364,718
경북,청송군,전기승용,케이지모빌리티,토레스 EVX 20인치,344,354,698
경북,청송군,전기승용,케이지모빌리티,토레스 EVX 18인치(2026),361,371,732
경북,청송군,전기승용,케이지모빌리티,토레스 EVX 20인치(2026),354,364,718
경북,영양군,전기승용,케이지모빌리티,토레스 EVX 2WD 18인치,327,336,663
경북,영양군,전기승용,케이지모빌리티,토레스 EVX 2WD 20인치,312,321,633
경북,영양군,전기승용,케이지모빌리티,토레스 EVX 18인치,354,364,718
경북,영양군,전기승용,케이지모빌리티,토레스 EVX 20인치,344,354,698
경북,영양군,전기승용,케이지모빌리티,토레스 EVX 18인치(2026),361,371,732
경북,영양군,전기승용,케이지모빌리티,토레스 EVX 20인치(2026),354,364,718
경북,영덕군,전기승용,케이지모빌리티,토레스 EVX 2WD 18인치,327,336,663
경북,영덕군,전기승용,케이지모빌리티,토레스 EVX 2WD 20인치,312,321,633
경북,영덕군,전기승용,케이지모빌리티,토레스 EVX 18인치,354,364,718
경북,영덕군,전기승용,케이지모빌리티,토레스 EVX 20인치,344,354,698
경북,영덕군,전기승용,케이지모빌리티,토레스 EVX 18인치(2026),361,371,732
경북,영덕군,전기승용,케이지모빌리티,토레스 EVX 20인치(2026),354,364,718
경북,청도군,전기승용,케이지모빌리티,토레스 EVX 2WD 18인치,327,336,663
경북,청도군,전기승용,케이지모빌리티,토레스 EVX 2WD 20인치,312,321,633
경북,청도군,전기승용,케이지모빌리티,토레스 EVX 18인치,354,364,718
경북,청도군,전기승용,케이지모빌리티,토레스 EVX 20인치,344,354,698
경북,청도군,전기승용,케이지모빌리티,토레스 EVX 18인치(2026),361,371,732
경북,청도군,전기승용,케이지모빌리티,토레스 EVX 20인치(2026),354,364,718
경북,고령군,전기승용,케이지모빌리티,토레스 EVX 2WD 18인치,327,336,663
경북,고령군,전기승용,케이지모빌리티,토레스 EVX 2WD 20인치,312,321,633
경북,고령군,전기승용,케이지모빌리티,토레스 EVX 18인치,354,364,718
경북,고령군,전기승용,케이지모빌리티,토레스 EVX 20인치,344,354,698
경북,고령군,전기승용,케이지모빌리티,토레스 EVX 18인치(2026),361,371,732
경북,고령군,전기승용,케이지모빌리티,토레스 EVX 20인치(2026),354,364,718
경북,성주군,전기승용,케이지모빌리티,토레스 EVX 2WD 18인치,327,336,663
경북,성주군,전기승용,케이지모빌리티,토레스 EVX 2WD 20인치,312,321,633
경북,성주군,전기승용,케이지모빌리티,토레스 EVX 18인치,354,364,718
경북,성주군,전기승용,케이지모빌리티,토레스 EVX 20인치,344,354,698
경북,성주군,전기승용,케이지모빌리티,토레스 EVX 18인치(2026),361,371,732
경북,성주군,전기승용,케이지모빌리티,토레스 EVX 20인치(2026),354,364,718
경북,칠곡군,전기승용,케이지모빌리티,토레스 EVX 2WD 18인치,327,336,663
경북,칠곡군,전기승용,케이지모빌리티,토레스 EVX 2WD 20인치,312,321,633
경북,칠곡군,전기승용,케이지모빌리티,토레스 EVX 18인치,354,364,718
경북,칠곡군,전기승용,케이지모빌리티,토레스 EVX 20인치,344,354,698
경북,칠곡군,전기승용,케이지모빌리티,토레스 EVX 18인치(2026),361,371,732
경북,칠곡군,전기승용,케이지모빌리티,토레스 EVX 20인치(2026),354,364,718
경북,예천군,전기승용,케이지모빌리티,토레스 EVX 2WD 18인치,327,336,663
경북,예천군,전기승용,케이지모빌리티,토레스 EVX 2WD 20인치,312,321,633
경북,예천군,전기승용,케이지모빌리티,토레스 EVX 18인치,354,364,718
경북,예천군,전기승용,케이지모빌리티,토레스 EVX 20인치,344,354,698
경북,예천군,전기승용,케이지모빌리티,토레스 EVX 18인치(2026),361,371,732
경북,예천군,전기승용,케이지모빌리티,토레스 EVX 20인치(2026),354,364,718
경북,봉화군,전기승용,케이지모빌리티,토레스 EVX 2WD 18인치,327,336,663
경북,봉화군,전기승용,케이지모빌리티,토레스 EVX 2WD 20인치,312,321,633
경북,봉화군,전기승용,케이지모빌리티,토레스 EVX 18인치,354,364,718
경북,봉화군,전기승용,케이지모빌리티,토레스 EVX 20인치,344,354,698
경북,봉화군,전기승용,케이지모빌리티,토레스 EVX 18인치(2026),361,371,732
경북,봉화군,전기승용,케이지모빌리티,토레스 EVX 20인치(2026),354,364,718
경북,울진군,전기승용,케이지모빌리티,토레스 EVX 2WD 18인치,327,336,663
경북,울진군,전기승용,케이지모빌리티,토레스 EVX 2WD 20인치,312,321,633
경북,울진군,전기승용,케이지모빌리티,토레스 EVX 18인치,354,364,718
경북,울진군,전기승용,케이지모빌리티,토레스 EVX 20인치,344,354,698
경북,울진군,전기승용,케이지모빌리티,토레스 EVX 18인치(2026),361,371,732
경북,울진군,전기승용,케이지모빌리티,토레스 EVX 20인치(2026),354,364,718
경북,울릉군,전기승용,케이지모빌리티,토레스 EVX 2WD 18인치,327,618,945
경북,울릉군,전기승용,케이지모빌리티,토레스 EVX 2WD 20인치,312,589,901
경북,울릉군,전기승용,케이지모빌리티,토레스 EVX 18인치,354,669,1023
경북,울릉군,전기승용,케이지모빌리티,토레스 EVX 20인치,344,650,994
경북,울릉군,전기승용,케이지모빌리티,토레스 EVX 18인치(2026),361,682,1043
경북,울릉군,전기승용,케이지모빌리티,토레스 EVX 20인치(2026),354,669,1023
경남,창원시,전기승용,케이지모빌리티,토레스 EVX 2WD 18인치,327,99,426
경남,창원시,전기승용,케이지모빌리티,토레스 EVX 2WD 20인치,312,94,406
경남,창원시,전기승용,케이지모빌리티,토레스 EVX 18인치,354,107,461
경남,창원시,전기승용,케이지모빌리티,토레스 EVX 20인치,344,104,448
경남,창원시,전기승용,케이지모빌리티,토레스 EVX 18인치(2026),361,109,470
경남,창원시,전기승용,케이지모빌리티,토레스 EVX 20인치(2026),354,107,461
경남,진주시,전기승용,케이지모빌리티,토레스 EVX 2WD 18인치,327,99,426
경남,진주시,전기승용,케이지모빌리티,토레스 EVX 2WD 20인치,312,94,406
경남,진주시,전기승용,케이지모빌리티,토레스 EVX 18인치,354,107,461
경남,진주시,전기승용,케이지모빌리티,토레스 EVX 20인치,344,104,448
경남,진주시,전기승용,케이지모빌리티,토레스 EVX 18인치(2026),361,109,470
경남,진주시,전기승용,케이지모빌리티,토레스 EVX 20인치(2026),354,107,461
경남,통영시,전기승용,케이지모빌리티,토레스 EVX 2WD 18인치,327,311,638
경남,통영시,전기승용,케이지모빌리티,토레스 EVX 2WD 20인치,312,296,608
경남,통영시,전기승용,케이지모빌리티,토레스 EVX 18인치,354,336,690
경남,통영시,전기승용,케이지모빌리티,토레스 EVX 20인치,344,326,670
경남,통영시,전기승용,케이지모빌리티,토레스 EVX 18인치(2026),361,343,704
경남,통영시,전기승용,케이지모빌리티,토레스 EVX 20인치(2026),354,336,690
경남,사천시,전기승용,케이지모빌리티,토레스 EVX 2WD 18인치,327,115,442
경남,사천시,전기승용,케이지모빌리티,토레스 EVX 2WD 20인치,312,110,422
경남,사천시,전기승용,케이지모빌리티,토레스 EVX 18인치,354,124,478
경남,사천시,전기승용,케이지모빌리티,토레스 EVX 20인치,344,121,465
경남,사천시,전기승용,케이지모빌리티,토레스 EVX 18인치(2026),361,127,488
경남,사천시,전기승용,케이지모빌리티,토레스 EVX 20인치(2026),354,124,478
경남,김해시,전기승용,케이지모빌리티,토레스 EVX 2WD 18인치,327,99,426
경남,김해시,전기승용,케이지모빌리티,토레스 EVX 2WD 20인치,312,94,406
경남,김해시,전기승용,케이지모빌리티,토레스 EVX 18인치,354,107,461
경남,김해시,전기승용,케이지모빌리티,토레스 EVX 20인치,344,104,448
경남,김해시,전기승용,케이지모빌리티,토레스 EVX 18인치(2026),361,109,470
경남,김해시,전기승용,케이지모빌리티,토레스 EVX 20인치(2026),354,107,461
경남,밀양시,전기승용,케이지모빌리티,토레스 EVX 2WD 18인치,327,132,459
경남,밀양시,전기승용,케이지모빌리티,토레스 EVX 2WD 20인치,312,124,436
경남,밀양시,전기승용,케이지모빌리티,토레스 EVX 18인치,354,140,494
경남,밀양시,전기승용,케이지모빌리티,토레스 EVX 20인치,344,136,480
경남,밀양시,전기승용,케이지모빌리티,토레스 EVX 18인치(2026),361,144,505
경남,밀양시,전기승용,케이지모빌리티,토레스 EVX 20인치(2026),354,140,494
경남,거제시,전기승용,케이지모빌리티,토레스 EVX 2WD 18인치,327,115,442
경남,거제시,전기승용,케이지모빌리티,토레스 EVX 2WD 20인치,312,110,422
경남,거제시,전기승용,케이지모빌리티,토레스 EVX 18인치,354,124,478
경남,거제시,전기승용,케이지모빌리티,토레스 EVX 20인치,344,121,465
경남,거제시,전기승용,케이지모빌리티,토레스 EVX 18인치(2026),361,127,488
경남,거제시,전기승용,케이지모빌리티,토레스 EVX 20인치(2026),354,124,478
경남,양산시,전기승용,케이지모빌리티,토레스 EVX 2WD 18인치,327,98,425
경남,양산시,전기승용,케이지모빌리티,토레스 EVX 2WD 20인치,312,94,406
경남,양산시,전기승용,케이지모빌리티,토레스 EVX 18인치,354,106,460
경남,양산시,전기승용,케이지모빌리티,토레스 EVX 20인치,344,103,447
경남,양산시,전기승용,케이지모빌리티,토레스 EVX 18인치(2026),361,108,469
경남,양산시,전기승용,케이지모빌리티,토레스 EVX 20인치(2026),354,106,460
경남,의령군,전기승용,케이지모빌리티,토레스 EVX 2WD 18인치,327,99,426
경남,의령군,전기승용,케이지모빌리티,토레스 EVX 2WD 20인치,312,94,406
경남,의령군,전기승용,케이지모빌리티,토레스 EVX 18인치,354,107,461
경남,의령군,전기승용,케이지모빌리티,토레스 EVX 20인치,344,104,448
경남,의령군,전기승용,케이지모빌리티,토레스 EVX 18인치(2026),361,109,470
경남,의령군,전기승용,케이지모빌리티,토레스 EVX 20인치(2026),354,107,461
경남,창녕군,전기승용,케이지모빌리티,토레스 EVX 2WD 18인치,327,231,558
경남,창녕군,전기승용,케이지모빌리티,토레스 EVX 2WD 20인치,312,217,529
경남,창녕군,전기승용,케이지모빌리티,토레스 EVX 18인치,354,245,599
경남,창녕군,전기승용,케이지모빌리티,토레스 EVX 20인치,344,238,582
경남,창녕군,전기승용,케이지모빌리티,토레스 EVX 18인치(2026),361,252,613
경남,창녕군,전기승용,케이지모빌리티,토레스 EVX 20인치(2026),354,245,599
경남,고성군,전기승용,케이지모빌리티,토레스 EVX 2WD 18인치,327,98,425
경남,고성군,전기승용,케이지모빌리티,토레스 EVX 2WD 20인치,312,94,406
경남,고성군,전기승용,케이지모빌리티,토레스 EVX 18인치,354,106,460
경남,고성군,전기승용,케이지모빌리티,토레스 EVX 20인치,344,103,447
경남,고성군,전기승용,케이지모빌리티,토레스 EVX 18인치(2026),361,108,469
경남,고성군,전기승용,케이지모빌리티,토레스 EVX 20인치(2026),354,106,460
경남,남해군,전기승용,케이지모빌리티,토레스 EVX 2WD 18인치,327,99,426
경남,남해군,전기승용,케이지모빌리티,토레스 EVX 2WD 20인치,312,94,406
경남,남해군,전기승용,케이지모빌리티,토레스 EVX 18인치,354,107,461
경남,남해군,전기승용,케이지모빌리티,토레스 EVX 20인치,344,105,449
경남,남해군,전기승용,케이지모빌리티,토레스 EVX 18인치(2026),361,109,470
경남,남해군,전기승용,케이지모빌리티,토레스 EVX 20인치(2026),354,107,461
경남,하동군,전기승용,케이지모빌리티,토레스 EVX 2WD 18인치,327,99,426
경남,하동군,전기승용,케이지모빌리티,토레스 EVX 2WD 20인치,312,94,406
경남,하동군,전기승용,케이지모빌리티,토레스 EVX 18인치,354,107,461
경남,하동군,전기승용,케이지모빌리티,토레스 EVX 20인치,344,104,448
경남,하동군,전기승용,케이지모빌리티,토레스 EVX 18인치(2026),361,109,470
경남,하동군,전기승용,케이지모빌리티,토레스 EVX 20인치(2026),354,107,461
경남,산청군,전기승용,케이지모빌리티,토레스 EVX 2WD 18인치,327,99,426
경남,산청군,전기승용,케이지모빌리티,토레스 EVX 2WD 20인치,312,94,406
경남,산청군,전기승용,케이지모빌리티,토레스 EVX 18인치,354,107,461
경남,산청군,전기승용,케이지모빌리티,토레스 EVX 20인치,344,104,448
경남,산청군,전기승용,케이지모빌리티,토레스 EVX 18인치(2026),361,109,470
경남,산청군,전기승용,케이지모빌리티,토레스 EVX 20인치(2026),354,107,461
경남,함양군,전기승용,케이지모빌리티,토레스 EVX 2WD 18인치,327,125,452
경남,함양군,전기승용,케이지모빌리티,토레스 EVX 2WD 20인치,312,118,430
경남,함양군,전기승용,케이지모빌리티,토레스 EVX 18인치,354,134,488
경남,함양군,전기승용,케이지모빌리티,토레스 EVX 20인치,344,130,474
경남,함양군,전기승용,케이지모빌리티,토레스 EVX 18인치(2026),361,137,498
경남,함양군,전기승용,케이지모빌리티,토레스 EVX 20인치(2026),354,134,488
경남,거창군,전기승용,케이지모빌리티,토레스 EVX 2WD 18인치,327,203,530
경남,거창군,전기승용,케이지모빌리티,토레스 EVX 2WD 20인치,312,193,505
경남,거창군,전기승용,케이지모빌리티,토레스 EVX 18인치,354,219,573
경남,거창군,전기승용,케이지모빌리티,토레스 EVX 20인치,344,212,556
경남,거창군,전기승용,케이지모빌리티,토레스 EVX 18인치(2026),361,223,584
경남,거창군,전기승용,케이지모빌리티,토레스 EVX 20인치(2026),354,219,573
경남,합천군,전기승용,케이지모빌리티,토레스 EVX 2WD 18인치,327,399,726
경남,합천군,전기승용,케이지모빌리티,토레스 EVX 2WD 20인치,312,381,693
경남,합천군,전기승용,케이지모빌리티,토레스 EVX 18인치,354,432,786
경남,합천군,전기승용,케이지모빌리티,토레스 EVX 20인치,344,420,764
경남,합천군,전기승용,케이지모빌리티,토레스 EVX 18인치(2026),361,441,802
경남,합천군,전기승용,케이지모빌리티,토레스 EVX 20인치(2026),354,432,786
제주,제주특별자치도,전기승용,케이지모빌리티,토레스 EVX 2WD 18인치,327,225,552
제주,제주특별자치도,전기승용,케이지모빌리티,토레스 EVX 2WD 20인치,312,215,527
제주,제주특별자치도,전기승용,케이지모빌리티,토레스 EVX 18인치,354,244,598
제주,제주특별자치도,전기승용,케이지모빌리티,토레스 EVX 20인치,344,237,581
제주,제주특별자치도,전기승용,케이지모빌리티,토레스 EVX 18인치(2026),361,249,610
제주,제주특별자치도,전기승용,케이지모빌리티,토레스 EVX 20인치(2026),354,244,598
공단,한국환경공단,전기승용,케이지모빌리티,토레스 EVX 2WD 18인치,327,0,327
공단,한국환경공단,전기승용,케이지모빌리티,토레스 EVX 2WD 20인치,312,0,312
공단,한국환경공단,전기승용,케이지모빌리티,토레스 EVX 18인치,354,0,354
공단,한국환경공단,전기승용,케이지모빌리티,토레스 EVX 20인치,344,0,344
공단,한국환경공단,전기승용,케이지모빌리티,토레스 EVX 18인치(2026),361,0,361
공단,한국환경공단,전기승용,케이지모빌리티,토레스 EVX 20인치(2026),354,0,354
서울,서울특별시,전기화물,케이지모빌리티,토레스 EVX VAN 20인치,312,143,455
서울,서울특별시,전기화물,케이지모빌리티,토레스 EVX VAN 18인치,314,144,458
서울,서울특별시,전기화물,케이지모빌리티,MUSSO EV 2WD 17인치,639,191,830
서울,서울특별시,전기화물,케이지모빌리티,MUSSO EV AWD 17인치,618,185,803
서울,서울특별시,전기화물,케이지모빌리티,토레스 EVX 밴 20인치,344,153,497
서울,서울특별시,전기화물,케이지모빌리티,토레스 EVX 밴 18인치,348,154,502
서울,서울특별시,전기화물,케이지모빌리티,토레스 EVX 밴 18인치(2026),355,106,461
부산,부산광역시,전기화물,케이지모빌리티,토레스 EVX VAN 20인치,312,123,435
부산,부산광역시,전기화물,케이지모빌리티,토레스 EVX VAN 18인치,314,124,438
부산,부산광역시,전기화물,케이지모빌리티,MUSSO EV 2WD 17인치,639,191,830
부산,부산광역시,전기화물,케이지모빌리티,MUSSO EV AWD 17인치,618,185,803
부산,부산광역시,전기화물,케이지모빌리티,토레스 EVX 밴 20인치,344,133,477
부산,부산광역시,전기화물,케이지모빌리티,토레스 EVX 밴 18인치,348,134,482
부산,부산광역시,전기화물,케이지모빌리티,토레스 EVX 밴 18인치(2026),355,136,491
대구,대구광역시,전기화물,케이지모빌리티,토레스 EVX VAN 20인치,312,93,405
대구,대구광역시,전기화물,케이지모빌리티,토레스 EVX VAN 18인치,314,94,408
대구,대구광역시,전기화물,케이지모빌리티,MUSSO EV 2WD 17인치,639,191,830
대구,대구광역시,전기화물,케이지모빌리티,MUSSO EV AWD 17인치,618,185,803
대구,대구광역시,전기화물,케이지모빌리티,토레스 EVX 밴 20인치,344,103,447
대구,대구광역시,전기화물,케이지모빌리티,토레스 EVX 밴 18인치,348,104,452
대구,대구광역시,전기화물,케이지모빌리티,토레스 EVX 밴 18인치(2026),355,106,461
인천,인천광역시,전기화물,케이지모빌리티,토레스 EVX VAN 20인치,312,93,405
인천,인천광역시,전기화물,케이지모빌리티,토레스 EVX VAN 18인치,314,94,408
인천,인천광역시,전기화물,케이지모빌리티,MUSSO EV 2WD 17인치,639,191,830
인천,인천광역시,전기화물,케이지모빌리티,MUSSO EV AWD 17인치,618,185,803
인천,인천광역시,전기화물,케이지모빌리티,토레스 EVX 밴 20인치,344,103,447
인천,인천광역시,전기화물,케이지모빌리티,토레스 EVX 밴 18인치,348,104,452
인천,인천광역시,전기화물,케이지모빌리티,토레스 EVX 밴 18인치(2026),355,106,461
광주,광주광역시,전기화물,케이지모빌리티,토레스 EVX VAN 20인치,312,93,405
광주,광주광역시,전기화물,케이지모빌리티,토레스 EVX VAN 18인치,314,94,408
광주,광주광역시,전기화물,케이지모빌리티,MUSSO EV 2WD 17인치,639,191,830
광주,광주광역시,전기화물,케이지모빌리티,MUSSO EV AWD 17인치,618,185,803
광주,광주광역시,전기화물,케이지모빌리티,토레스 EVX 밴 20인치,344,103,447
광주,광주광역시,전기화물,케이지모빌리티,토레스 EVX 밴 18인치,348,104,452
광주,광주광역시,전기화물,케이지모빌리티,토레스 EVX 밴 18인치(2026),355,106,461
대전,대전광역시,전기화물,케이지모빌리티,토레스 EVX VAN 20인치,312,93,405
대전,대전광역시,전기화물,케이지모빌리티,토레스 EVX VAN 18인치,314,94,408
대전,대전광역시,전기화물,케이지모빌리티,MUSSO EV 2WD 17인치,639,191,830
대전,대전광역시,전기화물,케이지모빌리티,MUSSO EV AWD 17인치,618,185,803
대전,대전광역시,전기화물,케이지모빌리티,토레스 EVX 밴 20인치,344,103,447
대전,대전광역시,전기화물,케이지모빌리티,토레스 EVX 밴 18인치,348,104,452
대전,대전광역시,전기화물,케이지모빌리티,토레스 EVX 밴 18인치(2026),355,106,461
울산,울산광역시,전기화물,케이지모빌리티,토레스 EVX VAN 20인치,312,93,405
울산,울산광역시,전기화물,케이지모빌리티,토레스 EVX VAN 18인치,314,94,408
울산,울산광역시,전기화물,케이지모빌리티,MUSSO EV 2WD 17인치,639,191,830
울산,울산광역시,전기화물,케이지모빌리티,MUSSO EV AWD 17인치,618,185,803
울산,울산광역시,전기화물,케이지모빌리티,토레스 EVX 밴 20인치,344,103,447
울산,울산광역시,전기화물,케이지모빌리티,토레스 EVX 밴 18인치,348,104,452
울산,울산광역시,전기화물,케이지모빌리티,토레스 EVX 밴 18인치(2026),355,106,461
세종,세종특별자치시,전기화물,케이지모빌리티,토레스 EVX VAN 20인치,312,93,405
세종,세종특별자치시,전기화물,케이지모빌리티,토레스 EVX VAN 18인치,314,94,408
세종,세종특별자치시,전기화물,케이지모빌리티,MUSSO EV 2WD 17인치,639,191,830
세종,세종특별자치시,전기화물,케이지모빌리티,MUSSO EV AWD 17인치,618,185,803
세종,세종특별자치시,전기화물,케이지모빌리티,토레스 EVX 밴 20인치,344,103,447
세종,세종특별자치시,전기화물,케이지모빌리티,토레스 EVX 밴 18인치,348,104,452
세종,세종특별자치시,전기화물,케이지모빌리티,토레스 EVX 밴 18인치(2026),355,106,461
경기,수원시,전기화물,케이지모빌리티,토레스 EVX VAN 20인치,312,124,436
경기,수원시,전기화물,케이지모빌리티,토레스 EVX VAN 18인치,314,125,439
경기,수원시,전기화물,케이지모빌리티,MUSSO EV 2WD 17인치,639,255,894
경기,수원시,전기화물,케이지모빌리티,MUSSO EV AWD 17인치,618,247,865
경기,수원시,전기화물,케이지모빌리티,토레스 EVX 밴 20인치,344,137,481
경기,수원시,전기화물,케이지모빌리티,토레스 EVX 밴 18인치,348,139,487
경기,수원시,전기화물,케이지모빌리티,토레스 EVX 밴 18인치(2026),355,142,497
경기,성남시,전기화물,케이지모빌리티,토레스 EVX VAN 20인치,312,124,436
경기,성남시,전기화물,케이지모빌리티,토레스 EVX VAN 18인치,314,125,439
경기,성남시,전기화물,케이지모빌리티,MUSSO EV 2WD 17인치,639,255,894
경기,성남시,전기화물,케이지모빌리티,MUSSO EV AWD 17인치,618,247,865
경기,성남시,전기화물,케이지모빌리티,토레스 EVX 밴 20인치,344,137,481
경기,성남시,전기화물,케이지모빌리티,토레스 EVX 밴 18인치,348,139,487
경기,성남시,전기화물,케이지모빌리티,토레스 EVX 밴 18인치(2026),355,142,497
경기,의정부시,전기화물,케이지모빌리티,토레스 EVX VAN 20인치,312,112,424
경기,의정부시,전기화물,케이지모빌리티,토레스 EVX VAN 18인치,314,113,427
경기,의정부시,전기화물,케이지모빌리티,MUSSO EV 2WD 17인치,639,230,869
경기,의정부시,전기화물,케이지모빌리티,MUSSO EV AWD 17인치,618,222,840
경기,의정부시,전기화물,케이지모빌리티,토레스 EVX 밴 20인치,344,123,467
경기,의정부시,전기화물,케이지모빌리티,토레스 EVX 밴 18인치,348,125,473
경기,의정부시,전기화물,케이지모빌리티,토레스 EVX 밴 18인치(2026),355,127,482
경기,안양시,전기화물,케이지모빌리티,토레스 EVX VAN 20인치,312,132,444
경기,안양시,전기화물,케이지모빌리티,토레스 EVX VAN 18인치,314,133,447
경기,안양시,전기화물,케이지모빌리티,MUSSO EV 2WD 17인치,639,271,910
경기,안양시,전기화물,케이지모빌리티,MUSSO EV AWD 17인치,618,262,880
경기,안양시,전기화물,케이지모빌리티,토레스 EVX 밴 20인치,344,146,490
경기,안양시,전기화물,케이지모빌리티,토레스 EVX 밴 18인치,348,147,495
경기,안양시,전기화물,케이지모빌리티,토레스 EVX 밴 18인치(2026),355,150,505
경기,부천시,전기화물,케이지모빌리티,토레스 EVX VAN 20인치,312,93,405
경기,부천시,전기화물,케이지모빌리티,토레스 EVX VAN 18인치,314,94,408
경기,부천시,전기화물,케이지모빌리티,MUSSO EV 2WD 17인치,639,191,830
경기,부천시,전기화물,케이지모빌리티,MUSSO EV AWD 17인치,618,185,803
경기,부천시,전기화물,케이지모빌리티,토레스 EVX 밴 20인치,344,103,447
경기,부천시,전기화물,케이지모빌리티,토레스 EVX 밴 18인치,348,104,452
경기,부천시,전기화물,케이지모빌리티,토레스 EVX 밴 18인치(2026),355,106,461
경기,광명시,전기화물,케이지모빌리티,토레스 EVX VAN 20인치,312,177,489
경기,광명시,전기화물,케이지모빌리티,토레스 EVX VAN 18인치,314,178,492
경기,광명시,전기화물,케이지모빌리티,MUSSO EV 2WD 17인치,639,364,1003
경기,광명시,전기화물,케이지모빌리티,MUSSO EV AWD 17인치,618,352,970
경기,광명시,전기화물,케이지모빌리티,토레스 EVX 밴 20인치,344,196,540
경기,광명시,전기화물,케이지모빌리티,토레스 EVX 밴 18인치,348,198,546
경기,광명시,전기화물,케이지모빌리티,토레스 EVX 밴 18인치(2026),355,202,557
경기,평택시,전기화물,케이지모빌리티,토레스 EVX VAN 20인치,312,171,483
경기,평택시,전기화물,케이지모빌리티,토레스 EVX VAN 18인치,314,172,486
경기,평택시,전기화물,케이지모빌리티,MUSSO EV 2WD 17인치,639,351,990
경기,평택시,전기화물,케이지모빌리티,MUSSO EV AWD 17인치,618,339,957
경기,평택시,전기화물,케이지모빌리티,토레스 EVX 밴 20인치,344,189,533
경기,평택시,전기화물,케이지모빌리티,토레스 EVX 밴 18인치,348,191,539
경기,평택시,전기화물,케이지모빌리티,토레스 EVX 밴 18인치(2026),355,195,550
경기,동두천시,전기화물,케이지모빌리티,토레스 EVX VAN 20인치,312,156,468
경기,동두천시,전기화물,케이지모빌리티,토레스 EVX VAN 18인치,314,157,471
경기,동두천시,전기화물,케이지모빌리티,MUSSO EV 2WD 17인치,639,319,958
경기,동두천시,전기화물,케이지모빌리티,MUSSO EV AWD 17인치,618,309,927
경기,동두천시,전기화물,케이지모빌리티,토레스 EVX 밴 20인치,344,172,516
경기,동두천시,전기화물,케이지모빌리티,토레스 EVX 밴 18인치,348,174,522
경기,동두천시,전기화물,케이지모빌리티,토레스 EVX 밴 18인치(2026),355,177,532
경기,안산시,전기화물,케이지모빌리티,토레스 EVX VAN 20인치,312,140,452
경기,안산시,전기화물,케이지모빌리티,토레스 EVX VAN 18인치,314,141,455
경기,안산시,전기화물,케이지모빌리티,MUSSO EV 2WD 17인치,639,287,926
경기,안산시,전기화물,케이지모빌리티,MUSSO EV AWD 17인치,618,278,896
경기,안산시,전기화물,케이지모빌리티,토레스 EVX 밴 20인치,344,154,498
경기,안산시,전기화물,케이지모빌리티,토레스 EVX 밴 18인치,348,156,504
경기,안산시,전기화물,케이지모빌리티,토레스 EVX 밴 18인치(2026),355,159,514
경기,고양시,전기화물,케이지모빌리티,토레스 EVX VAN 20인치,312,94,406
경기,고양시,전기화물,케이지모빌리티,토레스 EVX VAN 18인치,314,95,409
경기,고양시,전기화물,케이지모빌리티,MUSSO EV 2WD 17인치,639,192,831
경기,고양시,전기화물,케이지모빌리티,MUSSO EV AWD 17인치,618,186,804
경기,고양시,전기화물,케이지모빌리티,토레스 EVX 밴 20인치,344,104,448
경기,고양시,전기화물,케이지모빌리티,토레스 EVX 밴 18인치,348,105,453
경기,고양시,전기화물,케이지모빌리티,토레스 EVX 밴 18인치(2026),355,107,462
경기,과천시,전기화물,케이지모빌리티,토레스 EVX VAN 20인치,312,187,499
경기,과천시,전기화물,케이지모빌리티,토레스 EVX VAN 18인치,314,188,502
경기,과천시,전기화물,케이지모빌리티,MUSSO EV 2WD 17인치,639,383,1022
경기,과천시,전기화물,케이지모빌리티,MUSSO EV AWD 17인치,618,370,988
경기,과천시,전기화물,케이지모빌리티,토레스 EVX 밴 20인치,344,206,550
경기,과천시,전기화물,케이지모빌리티,토레스 EVX 밴 18인치,348,208,556
경기,과천시,전기화물,케이지모빌리티,토레스 EVX 밴 18인치(2026),355,213,568
경기,구리시,전기화물,케이지모빌리티,토레스 EVX VAN 20인치,312,156,468
경기,구리시,전기화물,케이지모빌리티,토레스 EVX VAN 18인치,314,157,471
경기,구리시,전기화물,케이지모빌리티,MUSSO EV 2WD 17인치,639,319,958
경기,구리시,전기화물,케이지모빌리티,MUSSO EV AWD 17인치,618,309,927
경기,구리시,전기화물,케이지모빌리티,토레스 EVX 밴 20인치,344,172,516
경기,구리시,전기화물,케이지모빌리티,토레스 EVX 밴 18인치,348,174,522
경기,구리시,전기화물,케이지모빌리티,토레스 EVX 밴 18인치(2026),355,177,532
경기,남양주시,전기화물,케이지모빌리티,토레스 EVX VAN 20인치,312,93,405
경기,남양주시,전기화물,케이지모빌리티,토레스 EVX VAN 18인치,314,94,408
경기,남양주시,전기화물,케이지모빌리티,MUSSO EV 2WD 17인치,639,191,830
경기,남양주시,전기화물,케이지모빌리티,MUSSO EV AWD 17인치,618,185,803
경기,남양주시,전기화물,케이지모빌리티,토레스 EVX 밴 20인치,344,103,447
경기,남양주시,전기화물,케이지모빌리티,토레스 EVX 밴 18인치,348,104,452
경기,남양주시,전기화물,케이지모빌리티,토레스 EVX 밴 18인치(2026),355,106,461
경기,오산시,전기화물,케이지모빌리티,토레스 EVX VAN 20인치,312,143,455
경기,오산시,전기화물,케이지모빌리티,토레스 EVX VAN 18인치,314,144,458
경기,오산시,전기화물,케이지모빌리티,MUSSO EV 2WD 17인치,639,293,932
경기,오산시,전기화물,케이지모빌리티,MUSSO EV AWD 17인치,618,284,902
경기,오산시,전기화물,케이지모빌리티,토레스 EVX 밴 20인치,344,158,502
경기,오산시,전기화물,케이지모빌리티,토레스 EVX 밴 18인치,348,160,508
경기,오산시,전기화물,케이지모빌리티,토레스 EVX 밴 18인치(2026),355,163,518
경기,시흥시,전기화물,케이지모빌리티,토레스 EVX VAN 20인치,312,124,436
경기,시흥시,전기화물,케이지모빌리티,토레스 EVX VAN 18인치,314,125,439
경기,시흥시,전기화물,케이지모빌리티,MUSSO EV 2WD 17인치,639,255,894
경기,시흥시,전기화물,케이지모빌리티,MUSSO EV AWD 17인치,618,247,865
경기,시흥시,전기화물,케이지모빌리티,토레스 EVX 밴 20인치,344,137,481
경기,시흥시,전기화물,케이지모빌리티,토레스 EVX 밴 18인치,348,139,487
경기,시흥시,전기화물,케이지모빌리티,토레스 EVX 밴 18인치(2026),355,142,497
경기,군포시,전기화물,케이지모빌리티,토레스 EVX VAN 20인치,312,143,455
경기,군포시,전기화물,케이지모빌리티,토레스 EVX VAN 18인치,314,144,458
경기,군포시,전기화물,케이지모빌리티,MUSSO EV 2WD 17인치,639,293,932
경기,군포시,전기화물,케이지모빌리티,MUSSO EV AWD 17인치,618,284,902
경기,군포시,전기화물,케이지모빌리티,토레스 EVX 밴 20인치,344,158,502
경기,군포시,전기화물,케이지모빌리티,토레스 EVX 밴 18인치,348,160,508
경기,군포시,전기화물,케이지모빌리티,토레스 EVX 밴 18인치(2026),355,163,518
경기,의왕시,전기화물,케이지모빌리티,토레스 EVX VAN 20인치,312,140,452
경기,의왕시,전기화물,케이지모빌리티,토레스 EVX VAN 18인치,314,141,455
경기,의왕시,전기화물,케이지모빌리티,MUSSO EV 2WD 17인치,639,287,926
경기,의왕시,전기화물,케이지모빌리티,MUSSO EV AWD 17인치,618,278,896
경기,의왕시,전기화물,케이지모빌리티,토레스 EVX 밴 20인치,344,154,498
경기,의왕시,전기화물,케이지모빌리티,토레스 EVX 밴 18인치,348,156,504
경기,의왕시,전기화물,케이지모빌리티,토레스 EVX 밴 18인치(2026),355,159,514
경기,하남시,전기화물,케이지모빌리티,토레스 EVX VAN 20인치,312,93,405
경기,하남시,전기화물,케이지모빌리티,토레스 EVX VAN 18인치,314,94,408
경기,하남시,전기화물,케이지모빌리티,MUSSO EV 2WD 17인치,639,191,830
경기,하남시,전기화물,케이지모빌리티,MUSSO EV AWD 17인치,618,185,803
경기,하남시,전기화물,케이지모빌리티,토레스 EVX 밴 20인치,344,103,447
경기,하남시,전기화물,케이지모빌리티,토레스 EVX 밴 18인치,348,104,452
경기,하남시,전기화물,케이지모빌리티,토레스 EVX 밴 18인치(2026),355,106,461
경기,용인시,전기화물,케이지모빌리티,토레스 EVX VAN 20인치,312,124,436
경기,용인시,전기화물,케이지모빌리티,토레스 EVX VAN 18인치,314,125,439
경기,용인시,전기화물,케이지모빌리티,MUSSO EV 2WD 17인치,639,255,894
경기,용인시,전기화물,케이지모빌리티,MUSSO EV AWD 17인치,618,247,865
경기,용인시,전기화물,케이지모빌리티,토레스 EVX 밴 20인치,344,137,481
경기,용인시,전기화물,케이지모빌리티,토레스 EVX 밴 18인치,348,139,487
경기,용인시,전기화물,케이지모빌리티,토레스 EVX 밴 18인치(2026),355,142,497
경기,파주시,전기화물,케이지모빌리티,토레스 EVX VAN 20인치,312,156,468
경기,파주시,전기화물,케이지모빌리티,토레스 EVX VAN 18인치,314,157,471
경기,파주시,전기화물,케이지모빌리티,MUSSO EV 2WD 17인치,639,319,958
경기,파주시,전기화물,케이지모빌리티,MUSSO EV AWD 17인치,618,309,927
경기,파주시,전기화물,케이지모빌리티,토레스 EVX 밴 20인치,344,172,516
경기,파주시,전기화물,케이지모빌리티,토레스 EVX 밴 18인치,348,174,522
경기,파주시,전기화물,케이지모빌리티,토레스 EVX 밴 18인치(2026),355,177,532
경기,이천시,전기화물,케이지모빌리티,토레스 EVX VAN 20인치,312,156,468
경기,이천시,전기화물,케이지모빌리티,토레스 EVX VAN 18인치,314,157,471
경기,이천시,전기화물,케이지모빌리티,MUSSO EV 2WD 17인치,639,319,958
경기,이천시,전기화물,케이지모빌리티,MUSSO EV AWD 17인치,618,309,927
경기,이천시,전기화물,케이지모빌리티,토레스 EVX 밴 20인치,344,172,516
경기,이천시,전기화물,케이지모빌리티,토레스 EVX 밴 18인치,348,174,522
경기,이천시,전기화물,케이지모빌리티,토레스 EVX 밴 18인치(2026),355,177,532
경기,안성시,전기화물,케이지모빌리티,토레스 EVX VAN 20인치,312,156,468
경기,안성시,전기화물,케이지모빌리티,토레스 EVX VAN 18인치,314,157,471
경기,안성시,전기화물,케이지모빌리티,MUSSO EV 2WD 17인치,639,319,958
경기,안성시,전기화물,케이지모빌리티,MUSSO EV AWD 17인치,618,309,927
경기,안성시,전기화물,케이지모빌리티,토레스 EVX 밴 20인치,344,172,516
경기,안성시,전기화물,케이지모빌리티,토레스 EVX 밴 18인치,348,174,522
경기,안성시,전기화물,케이지모빌리티,토레스 EVX 밴 18인치(2026),355,177,532
경기,김포시,전기화물,케이지모빌리티,토레스 EVX VAN 20인치,312,124,436
경기,김포시,전기화물,케이지모빌리티,토레스 EVX VAN 18인치,314,125,439
경기,김포시,전기화물,케이지모빌리티,MUSSO EV 2WD 17인치,639,255,894
경기,김포시,전기화물,케이지모빌리티,MUSSO EV AWD 17인치,618,247,865
경기,김포시,전기화물,케이지모빌리티,토레스 EVX 밴 20인치,344,137,481
경기,김포시,전기화물,케이지모빌리티,토레스 EVX 밴 18인치,348,139,487
경기,김포시,전기화물,케이지모빌리티,토레스 EVX 밴 18인치(2026),355,142,497
경기,화성시,전기화물,케이지모빌리티,토레스 EVX VAN 20인치,312,140,452
경기,화성시,전기화물,케이지모빌리티,토레스 EVX VAN 18인치,314,141,455
경기,화성시,전기화물,케이지모빌리티,MUSSO EV 2WD 17인치,639,287,926
경기,화성시,전기화물,케이지모빌리티,MUSSO EV AWD 17인치,618,278,896
경기,화성시,전기화물,케이지모빌리티,토레스 EVX 밴 20인치,344,154,498
경기,화성시,전기화물,케이지모빌리티,토레스 EVX 밴 18인치,348,156,504
경기,화성시,전기화물,케이지모빌리티,토레스 EVX 밴 18인치(2026),355,159,514
경기,광주시,전기화물,케이지모빌리티,토레스 EVX VAN 20인치,312,94,406
경기,광주시,전기화물,케이지모빌리티,토레스 EVX VAN 18인치,314,94,408
경기,광주시,전기화물,케이지모빌리티,MUSSO EV 2WD 17인치,639,255,894
경기,광주시,전기화물,케이지모빌리티,MUSSO EV AWD 17인치,618,247,865
경기,광주시,전기화물,케이지모빌리티,토레스 EVX 밴 20인치,344,137,481
경기,광주시,전기화물,케이지모빌리티,토레스 EVX 밴 18인치,348,139,487
경기,광주시,전기화물,케이지모빌리티,토레스 EVX 밴 18인치(2026),355,142,497
경기,양주시,전기화물,케이지모빌리티,토레스 EVX VAN 20인치,312,156,468
경기,양주시,전기화물,케이지모빌리티,토레스 EVX VAN 18인치,314,157,471
경기,양주시,전기화물,케이지모빌리티,MUSSO EV 2WD 17인치,639,319,958
경기,양주시,전기화물,케이지모빌리티,MUSSO EV AWD 17인치,618,309,927
경기,양주시,전기화물,케이지모빌리티,토레스 EVX 밴 20인치,344,172,516
경기,양주시,전기화물,케이지모빌리티,토레스 EVX 밴 18인치,348,174,522
경기,양주시,전기화물,케이지모빌리티,토레스 EVX 밴 18인치(2026),355,177,532
경기,포천시,전기화물,케이지모빌리티,토레스 EVX VAN 20인치,312,156,468
경기,포천시,전기화물,케이지모빌리티,토레스 EVX VAN 18인치,314,157,471
경기,포천시,전기화물,케이지모빌리티,MUSSO EV 2WD 17인치,639,319,958
경기,포천시,전기화물,케이지모빌리티,MUSSO EV AWD 17인치,618,309,927
경기,포천시,전기화물,케이지모빌리티,토레스 EVX 밴 20인치,344,172,516
경기,포천시,전기화물,케이지모빌리티,토레스 EVX 밴 18인치,348,174,522
경기,포천시,전기화물,케이지모빌리티,토레스 EVX 밴 18인치(2026),355,177,532
경기,여주시,전기화물,케이지모빌리티,토레스 EVX VAN 20인치,312,218,530
경기,여주시,전기화물,케이지모빌리티,토레스 EVX VAN 18인치,314,219,533
경기,여주시,전기화물,케이지모빌리티,MUSSO EV 2WD 17인치,639,447,1086
경기,여주시,전기화물,케이지모빌리티,MUSSO EV AWD 17인치,618,432,1050
경기,여주시,전기화물,케이지모빌리티,토레스 EVX 밴 20인치,344,240,584
경기,여주시,전기화물,케이지모빌리티,토레스 EVX 밴 18인치,348,243,591
경기,여주시,전기화물,케이지모빌리티,토레스 EVX 밴 18인치(2026),355,248,603
경기,연천군,전기화물,케이지모빌리티,토레스 EVX VAN 20인치,312,202,514
경기,연천군,전기화물,케이지모빌리티,토레스 EVX VAN 18인치,314,204,518
경기,연천군,전기화물,케이지모빌리티,MUSSO EV 2WD 17인치,639,415,1054
경기,연천군,전기화물,케이지모빌리티,MUSSO EV AWD 17인치,618,401,1019
경기,연천군,전기화물,케이지모빌리티,토레스 EVX 밴 20인치,344,223,567
경기,연천군,전기화물,케이지모빌리티,토레스 EVX 밴 18인치,348,226,574
경기,연천군,전기화물,케이지모빌리티,토레스 EVX 밴 18인치(2026),355,230,585
경기,가평군,전기화물,케이지모빌리티,토레스 EVX VAN 20인치,312,174,486
경기,가평군,전기화물,케이지모빌리티,토레스 EVX VAN 18인치,314,175,489
경기,가평군,전기화물,케이지모빌리티,MUSSO EV 2WD 17인치,639,357,996
경기,가평군,전기화물,케이지모빌리티,MUSSO EV AWD 17인치,618,346,964
경기,가평군,전기화물,케이지모빌리티,토레스 EVX 밴 20인치,344,192,536
경기,가평군,전기화물,케이지모빌리티,토레스 EVX 밴 18인치,348,194,542
경기,가평군,전기화물,케이지모빌리티,토레스 EVX 밴 18인치(2026),355,198,553
경기,양평군,전기화물,케이지모빌리티,토레스 EVX VAN 20인치,312,218,530
경기,양평군,전기화물,케이지모빌리티,토레스 EVX VAN 18인치,314,219,533
경기,양평군,전기화물,케이지모빌리티,MUSSO EV 2WD 17인치,639,447,1086
경기,양평군,전기화물,케이지모빌리티,MUSSO EV AWD 17인치,618,432,1050
경기,양평군,전기화물,케이지모빌리티,토레스 EVX 밴 20인치,344,240,584
경기,양평군,전기화물,케이지모빌리티,토레스 EVX 밴 18인치,348,243,591
경기,양평군,전기화물,케이지모빌리티,토레스 EVX 밴 18인치(2026),355,248,603
강원,춘천시,전기화물,케이지모빌리티,토레스 EVX VAN 20인치,312,124,436
강원,춘천시,전기화물,케이지모빌리티,토레스 EVX VAN 18인치,314,125,439
강원,춘천시,전기화물,케이지모빌리티,MUSSO EV 2WD 17인치,639,255,894
강원,춘천시,전기화물,케이지모빌리티,MUSSO EV AWD 17인치,618,247,865
강원,춘천시,전기화물,케이지모빌리티,토레스 EVX 밴 20인치,344,137,481
강원,춘천시,전기화물,케이지모빌리티,토레스 EVX 밴 18인치,348,139,487
강원,춘천시,전기화물,케이지모빌리티,토레스 EVX 밴 18인치(2026),355,142,497
강원,원주시,전기화물,케이지모빌리티,토레스 EVX VAN 20인치,312,124,436
강원,원주시,전기화물,케이지모빌리티,토레스 EVX VAN 18인치,314,125,439
강원,원주시,전기화물,케이지모빌리티,MUSSO EV 2WD 17인치,639,255,894
강원,원주시,전기화물,케이지모빌리티,MUSSO EV AWD 17인치,618,247,865
강원,원주시,전기화물,케이지모빌리티,토레스 EVX 밴 20인치,344,137,481
강원,원주시,전기화물,케이지모빌리티,토레스 EVX 밴 18인치,348,139,487
강원,원주시,전기화물,케이지모빌리티,토레스 EVX 밴 18인치(2026),355,142,497
강원,강릉시,전기화물,케이지모빌리티,토레스 EVX VAN 20인치,312,124,436
강원,강릉시,전기화물,케이지모빌리티,토레스 EVX VAN 18인치,314,125,439
강원,강릉시,전기화물,케이지모빌리티,MUSSO EV 2WD 17인치,639,255,894
강원,강릉시,전기화물,케이지모빌리티,MUSSO EV AWD 17인치,618,247,865
강원,강릉시,전기화물,케이지모빌리티,토레스 EVX 밴 20인치,344,137,481
강원,강릉시,전기화물,케이지모빌리티,토레스 EVX 밴 18인치,348,139,487
강원,강릉시,전기화물,케이지모빌리티,토레스 EVX 밴 18인치(2026),355,142,497
강원,동해시,전기화물,케이지모빌리티,토레스 EVX VAN 20인치,312,124,436
강원,동해시,전기화물,케이지모빌리티,토레스 EVX VAN 18인치,314,125,439
강원,동해시,전기화물,케이지모빌리티,MUSSO EV 2WD 17인치,639,255,894
강원,동해시,전기화물,케이지모빌리티,MUSSO EV AWD 17인치,618,247,865
강원,동해시,전기화물,케이지모빌리티,토레스 EVX 밴 20인치,344,137,481
강원,동해시,전기화물,케이지모빌리티,토레스 EVX 밴 18인치,348,139,487
강원,동해시,전기화물,케이지모빌리티,토레스 EVX 밴 18인치(2026),355,142,497
강원,태백시,전기화물,케이지모빌리티,토레스 EVX VAN 20인치,312,124,436
강원,태백시,전기화물,케이지모빌리티,토레스 EVX VAN 18인치,314,125,439
강원,태백시,전기화물,케이지모빌리티,MUSSO EV 2WD 17인치,639,255,894
강원,태백시,전기화물,케이지모빌리티,MUSSO EV AWD 17인치,618,247,865
강원,태백시,전기화물,케이지모빌리티,토레스 EVX 밴 20인치,344,137,481
강원,태백시,전기화물,케이지모빌리티,토레스 EVX 밴 18인치,348,139,487
강원,태백시,전기화물,케이지모빌리티,토레스 EVX 밴 18인치(2026),355,142,497
강원,속초시,전기화물,케이지모빌리티,토레스 EVX VAN 20인치,312,124,436
강원,속초시,전기화물,케이지모빌리티,토레스 EVX VAN 18인치,314,125,439
강원,속초시,전기화물,케이지모빌리티,MUSSO EV 2WD 17인치,639,255,894
강원,속초시,전기화물,케이지모빌리티,MUSSO EV AWD 17인치,618,247,865
강원,속초시,전기화물,케이지모빌리티,토레스 EVX 밴 20인치,344,137,481
강원,속초시,전기화물,케이지모빌리티,토레스 EVX 밴 18인치,348,139,487
강원,속초시,전기화물,케이지모빌리티,토레스 EVX 밴 18인치(2026),355,142,497
강원,삼척시,전기화물,케이지모빌리티,토레스 EVX VAN 20인치,312,124,436
강원,삼척시,전기화물,케이지모빌리티,토레스 EVX VAN 18인치,314,125,439
강원,삼척시,전기화물,케이지모빌리티,MUSSO EV 2WD 17인치,639,255,894
강원,삼척시,전기화물,케이지모빌리티,MUSSO EV AWD 17인치,618,247,865
강원,삼척시,전기화물,케이지모빌리티,토레스 EVX 밴 20인치,344,137,481
강원,삼척시,전기화물,케이지모빌리티,토레스 EVX 밴 18인치,348,139,487
강원,삼척시,전기화물,케이지모빌리티,토레스 EVX 밴 18인치(2026),355,142,497
강원,홍천군,전기화물,케이지모빌리티,토레스 EVX VAN 20인치,312,124,436
강원,홍천군,전기화물,케이지모빌리티,토레스 EVX VAN 18인치,314,125,439
강원,홍천군,전기화물,케이지모빌리티,MUSSO EV 2WD 17인치,639,255,894
강원,홍천군,전기화물,케이지모빌리티,MUSSO EV AWD 17인치,618,247,865
강원,홍천군,전기화물,케이지모빌리티,토레스 EVX 밴 20인치,344,137,481
강원,홍천군,전기화물,케이지모빌리티,토레스 EVX 밴 18인치,348,139,487
강원,홍천군,전기화물,케이지모빌리티,토레스 EVX 밴 18인치(2026),355,142,497
강원,횡성군,전기화물,케이지모빌리티,토레스 EVX VAN 20인치,312,137,449
강원,횡성군,전기화물,케이지모빌리티,토레스 EVX VAN 18인치,314,139,453
강원,횡성군,전기화물,케이지모빌리티,MUSSO EV 2WD 17인치,639,255,894
강원,횡성군,전기화물,케이지모빌리티,MUSSO EV AWD 17인치,618,247,865
강원,횡성군,전기화물,케이지모빌리티,토레스 EVX 밴 20인치,344,124,468
강원,횡성군,전기화물,케이지모빌리티,토레스 EVX 밴 18인치,348,125,473
강원,횡성군,전기화물,케이지모빌리티,토레스 EVX 밴 18인치(2026),355,142,497
강원,영월군,전기화물,케이지모빌리티,토레스 EVX VAN 20인치,312,124,436
강원,영월군,전기화물,케이지모빌리티,토레스 EVX VAN 18인치,314,125,439
강원,영월군,전기화물,케이지모빌리티,MUSSO EV 2WD 17인치,639,255,894
강원,영월군,전기화물,케이지모빌리티,MUSSO EV AWD 17인치,618,247,865
강원,영월군,전기화물,케이지모빌리티,토레스 EVX 밴 20인치,344,137,481
강원,영월군,전기화물,케이지모빌리티,토레스 EVX 밴 18인치,348,139,487
강원,영월군,전기화물,케이지모빌리티,토레스 EVX 밴 18인치(2026),355,142,497
강원,평창군,전기화물,케이지모빌리티,토레스 EVX VAN 20인치,312,124,436
강원,평창군,전기화물,케이지모빌리티,토레스 EVX VAN 18인치,314,125,439
강원,평창군,전기화물,케이지모빌리티,MUSSO EV 2WD 17인치,639,255,894
강원,평창군,전기화물,케이지모빌리티,MUSSO EV AWD 17인치,618,247,865
강원,평창군,전기화물,케이지모빌리티,토레스 EVX 밴 20인치,344,137,481
강원,평창군,전기화물,케이지모빌리티,토레스 EVX 밴 18인치,348,139,487
강원,평창군,전기화물,케이지모빌리티,토레스 EVX 밴 18인치(2026),355,142,497
강원,정선군,전기화물,케이지모빌리티,토레스 EVX VAN 20인치,312,124,436
강원,정선군,전기화물,케이지모빌리티,토레스 EVX VAN 18인치,314,125,439
강원,정선군,전기화물,케이지모빌리티,MUSSO EV 2WD 17인치,639,255,894
강원,정선군,전기화물,케이지모빌리티,MUSSO EV AWD 17인치,618,247,865
강원,정선군,전기화물,케이지모빌리티,토레스 EVX 밴 20인치,344,137,481
강원,정선군,전기화물,케이지모빌리티,토레스 EVX 밴 18인치,348,139,487
강원,정선군,전기화물,케이지모빌리티,토레스 EVX 밴 18인치(2026),355,142,497
강원,철원군,전기화물,케이지모빌리티,토레스 EVX VAN 20인치,312,124,436
강원,철원군,전기화물,케이지모빌리티,토레스 EVX VAN 18인치,314,125,439
강원,철원군,전기화물,케이지모빌리티,MUSSO EV 2WD 17인치,639,255,894
강원,철원군,전기화물,케이지모빌리티,MUSSO EV AWD 17인치,618,247,865
강원,철원군,전기화물,케이지모빌리티,토레스 EVX 밴 20인치,344,137,481
강원,철원군,전기화물,케이지모빌리티,토레스 EVX 밴 18인치,348,139,487
강원,철원군,전기화물,케이지모빌리티,토레스 EVX 밴 18인치(2026),355,142,497
강원,화천군,전기화물,케이지모빌리티,토레스 EVX VAN 20인치,312,124,436
강원,화천군,전기화물,케이지모빌리티,토레스 EVX VAN 18인치,314,125,439
강원,화천군,전기화물,케이지모빌리티,MUSSO EV 2WD 17인치,639,255,894
강원,화천군,전기화물,케이지모빌리티,MUSSO EV AWD 17인치,618,247,865
강원,화천군,전기화물,케이지모빌리티,토레스 EVX 밴 20인치,344,137,481
강원,화천군,전기화물,케이지모빌리티,토레스 EVX 밴 18인치,348,139,487
강원,화천군,전기화물,케이지모빌리티,토레스 EVX 밴 18인치(2026),355,142,497
강원,양구군,전기화물,케이지모빌리티,토레스 EVX VAN 20인치,312,124,436
강원,양구군,전기화물,케이지모빌리티,토레스 EVX VAN 18인치,314,125,439
강원,양구군,전기화물,케이지모빌리티,MUSSO EV 2WD 17인치,639,255,894
강원,양구군,전기화물,케이지모빌리티,MUSSO EV AWD 17인치,618,247,865
강원,양구군,전기화물,케이지모빌리티,토레스 EVX 밴 20인치,344,137,481
강원,양구군,전기화물,케이지모빌리티,토레스 EVX 밴 18인치,348,139,487
강원,양구군,전기화물,케이지모빌리티,토레스 EVX 밴 18인치(2026),355,142,497
강원,인제군,전기화물,케이지모빌리티,토레스 EVX VAN 20인치,312,124,436
강원,인제군,전기화물,케이지모빌리티,토레스 EVX VAN 18인치,314,125,439
강원,인제군,전기화물,케이지모빌리티,MUSSO EV 2WD 17인치,639,255,894
강원,인제군,전기화물,케이지모빌리티,MUSSO EV AWD 17인치,618,247,865
강원,인제군,전기화물,케이지모빌리티,토레스 EVX 밴 20인치,344,137,481
강원,인제군,전기화물,케이지모빌리티,토레스 EVX 밴 18인치,348,139,487
강원,인제군,전기화물,케이지모빌리티,토레스 EVX 밴 18인치(2026),355,142,497
강원,고성군,전기화물,케이지모빌리티,토레스 EVX VAN 20인치,312,124,436
강원,고성군,전기화물,케이지모빌리티,토레스 EVX VAN 18인치,314,125,439
강원,고성군,전기화물,케이지모빌리티,MUSSO EV 2WD 17인치,639,255,894
강원,고성군,전기화물,케이지모빌리티,MUSSO EV AWD 17인치,618,247,865
강원,고성군,전기화물,케이지모빌리티,토레스 EVX 밴 20인치,344,137,481
강원,고성군,전기화물,케이지모빌리티,토레스 EVX 밴 18인치,348,139,487
강원,고성군,전기화물,케이지모빌리티,토레스 EVX 밴 18인치(2026),355,142,497
강원,양양군,전기화물,케이지모빌리티,토레스 EVX VAN 20인치,312,124,436
강원,양양군,전기화물,케이지모빌리티,토레스 EVX VAN 18인치,314,125,439
강원,양양군,전기화물,케이지모빌리티,MUSSO EV 2WD 17인치,639,255,894
강원,양양군,전기화물,케이지모빌리티,MUSSO EV AWD 17인치,618,247,865
강원,양양군,전기화물,케이지모빌리티,토레스 EVX 밴 20인치,344,137,481
강원,양양군,전기화물,케이지모빌리티,토레스 EVX 밴 18인치,348,139,487
강원,양양군,전기화물,케이지모빌리티,토레스 EVX 밴 18인치(2026),355,142,497
충북,청주시,전기화물,케이지모빌리티,토레스 EVX VAN 20인치,312,207,519
충북,청주시,전기화물,케이지모빌리티,토레스 EVX VAN 18인치,314,209,523
충북,청주시,전기화물,케이지모빌리티,MUSSO EV 2WD 17인치,639,426,1065
충북,청주시,전기화물,케이지모빌리티,MUSSO EV AWD 17인치,618,412,1030
충북,청주시,전기화물,케이지모빌리티,토레스 EVX 밴 20인치,344,229,573
충북,청주시,전기화물,케이지모빌리티,토레스 EVX 밴 18인치,348,232,580
충북,청주시,전기화물,케이지모빌리티,토레스 EVX 밴 18인치(2026),355,236,591
충북,충주시,전기화물,케이지모빌리티,토레스 EVX VAN 20인치,312,207,519
충북,충주시,전기화물,케이지모빌리티,토레스 EVX VAN 18인치,314,209,523
충북,충주시,전기화물,케이지모빌리티,MUSSO EV 2WD 17인치,639,426,1065
충북,충주시,전기화물,케이지모빌리티,MUSSO EV AWD 17인치,618,412,1030
충북,충주시,전기화물,케이지모빌리티,토레스 EVX 밴 20인치,344,229,573
충북,충주시,전기화물,케이지모빌리티,토레스 EVX 밴 18인치,348,232,580
충북,충주시,전기화물,케이지모빌리티,토레스 EVX 밴 18인치(2026),355,236,591
충북,제천시,전기화물,케이지모빌리티,토레스 EVX VAN 20인치,312,207,519
충북,제천시,전기화물,케이지모빌리티,토레스 EVX VAN 18인치,314,209,523
충북,제천시,전기화물,케이지모빌리티,MUSSO EV 2WD 17인치,639,426,1065
충북,제천시,전기화물,케이지모빌리티,MUSSO EV AWD 17인치,618,412,1030
충북,제천시,전기화물,케이지모빌리티,토레스 EVX 밴 20인치,344,229,573
충북,제천시,전기화물,케이지모빌리티,토레스 EVX 밴 18인치,348,232,580
충북,제천시,전기화물,케이지모빌리티,토레스 EVX 밴 18인치(2026),355,236,591
충북,보은군,전기화물,케이지모빌리티,토레스 EVX VAN 20인치,312,207,519
충북,보은군,전기화물,케이지모빌리티,토레스 EVX VAN 18인치,314,209,523
충북,보은군,전기화물,케이지모빌리티,MUSSO EV 2WD 17인치,639,426,1065
충북,보은군,전기화물,케이지모빌리티,MUSSO EV AWD 17인치,618,412,1030
충북,보은군,전기화물,케이지모빌리티,토레스 EVX 밴 20인치,344,229,573
충북,보은군,전기화물,케이지모빌리티,토레스 EVX 밴 18인치,348,232,580
충북,보은군,전기화물,케이지모빌리티,토레스 EVX 밴 18인치(2026),355,236,591
충북,옥천군,전기화물,케이지모빌리티,토레스 EVX VAN 20인치,312,207,519
충북,옥천군,전기화물,케이지모빌리티,토레스 EVX VAN 18인치,314,209,523
충북,옥천군,전기화물,케이지모빌리티,MUSSO EV 2WD 17인치,639,426,1065
충북,옥천군,전기화물,케이지모빌리티,MUSSO EV AWD 17인치,618,412,1030
충북,옥천군,전기화물,케이지모빌리티,토레스 EVX 밴 20인치,344,229,573
충북,옥천군,전기화물,케이지모빌리티,토레스 EVX 밴 18인치,348,232,580
충북,옥천군,전기화물,케이지모빌리티,토레스 EVX 밴 18인치(2026),355,236,591
충북,증평군,전기화물,케이지모빌리티,토레스 EVX VAN 20인치,312,207,519
충북,증평군,전기화물,케이지모빌리티,토레스 EVX VAN 18인치,314,209,523
충북,증평군,전기화물,케이지모빌리티,MUSSO EV 2WD 17인치,639,426,1065
충북,증평군,전기화물,케이지모빌리티,MUSSO EV AWD 17인치,618,412,1030
충북,증평군,전기화물,케이지모빌리티,토레스 EVX 밴 20인치,344,229,573
충북,증평군,전기화물,케이지모빌리티,토레스 EVX 밴 18인치,348,232,580
충북,증평군,전기화물,케이지모빌리티,토레스 EVX 밴 18인치(2026),355,236,591
충북,영동군,전기화물,케이지모빌리티,토레스 EVX VAN 20인치,312,207,519
충북,영동군,전기화물,케이지모빌리티,토레스 EVX VAN 18인치,314,209,523
충북,영동군,전기화물,케이지모빌리티,MUSSO EV 2WD 17인치,639,426,1065
충북,영동군,전기화물,케이지모빌리티,MUSSO EV AWD 17인치,618,412,1030
충북,영동군,전기화물,케이지모빌리티,토레스 EVX 밴 20인치,344,229,573
충북,영동군,전기화물,케이지모빌리티,토레스 EVX 밴 18인치,348,232,580
충북,영동군,전기화물,케이지모빌리티,토레스 EVX 밴 18인치(2026),355,236,591
충북,진천군,전기화물,케이지모빌리티,토레스 EVX VAN 20인치,312,207,519
충북,진천군,전기화물,케이지모빌리티,토레스 EVX VAN 18인치,314,209,523
충북,진천군,전기화물,케이지모빌리티,MUSSO EV 2WD 17인치,639,426,1065
충북,진천군,전기화물,케이지모빌리티,MUSSO EV AWD 17인치,618,412,1030
충북,진천군,전기화물,케이지모빌리티,토레스 EVX 밴 20인치,344,229,573
충북,진천군,전기화물,케이지모빌리티,토레스 EVX 밴 18인치,348,232,580
충북,진천군,전기화물,케이지모빌리티,토레스 EVX 밴 18인치(2026),355,236,591
충북,괴산군,전기화물,케이지모빌리티,토레스 EVX VAN 20인치,312,229,541
충북,괴산군,전기화물,케이지모빌리티,토레스 EVX VAN 18인치,314,232,546
충북,괴산군,전기화물,케이지모빌리티,MUSSO EV 2WD 17인치,639,426,1065
충북,괴산군,전기화물,케이지모빌리티,MUSSO EV AWD 17인치,618,412,1030
충북,괴산군,전기화물,케이지모빌리티,토레스 EVX 밴 20인치,344,229,573
충북,괴산군,전기화물,케이지모빌리티,토레스 EVX 밴 18인치,348,232,580
충북,괴산군,전기화물,케이지모빌리티,토레스 EVX 밴 18인치(2026),355,236,591
충북,음성군,전기화물,케이지모빌리티,토레스 EVX VAN 20인치,312,207,519
충북,음성군,전기화물,케이지모빌리티,토레스 EVX VAN 18인치,314,209,523
충북,음성군,전기화물,케이지모빌리티,MUSSO EV 2WD 17인치,639,426,1065
충북,음성군,전기화물,케이지모빌리티,MUSSO EV AWD 17인치,618,412,1030
충북,음성군,전기화물,케이지모빌리티,토레스 EVX 밴 20인치,344,229,573
충북,음성군,전기화물,케이지모빌리티,토레스 EVX 밴 18인치,348,232,580
충북,음성군,전기화물,케이지모빌리티,토레스 EVX 밴 18인치(2026),355,236,591
충북,단양군,전기화물,케이지모빌리티,토레스 EVX VAN 20인치,312,207,519
충북,단양군,전기화물,케이지모빌리티,토레스 EVX VAN 18인치,314,209,523
충북,단양군,전기화물,케이지모빌리티,MUSSO EV 2WD 17인치,639,426,1065
충북,단양군,전기화물,케이지모빌리티,MUSSO EV AWD 17인치,618,412,1030
충북,단양군,전기화물,케이지모빌리티,토레스 EVX 밴 20인치,344,229,573
충북,단양군,전기화물,케이지모빌리티,토레스 EVX 밴 18인치,348,232,580
충북,단양군,전기화물,케이지모빌리티,토레스 EVX 밴 18인치(2026),355,236,591
충남,천안시,전기화물,케이지모빌리티,토레스 EVX VAN 20인치,312,237,549
충남,천안시,전기화물,케이지모빌리티,토레스 EVX VAN 18인치,314,239,553
충남,천안시,전기화물,케이지모빌리티,MUSSO EV 2WD 17인치,639,487,1126
충남,천안시,전기화물,케이지모빌리티,MUSSO EV AWD 17인치,618,471,1089
충남,천안시,전기화물,케이지모빌리티,토레스 EVX 밴 20인치,344,262,606
충남,천안시,전기화물,케이지모빌리티,토레스 EVX 밴 18인치,348,266,614
충남,천안시,전기화물,케이지모빌리티,토레스 EVX 밴 18인치(2026),355,270,625
충남,공주시,전기화물,케이지모빌리티,토레스 EVX VAN 20인치,312,237,549
충남,공주시,전기화물,케이지모빌리티,토레스 EVX VAN 18인치,314,239,553
충남,공주시,전기화물,케이지모빌리티,MUSSO EV 2WD 17인치,639,487,1126
충남,공주시,전기화물,케이지모빌리티,MUSSO EV AWD 17인치,618,471,1089
충남,공주시,전기화물,케이지모빌리티,토레스 EVX 밴 20인치,344,262,606
충남,공주시,전기화물,케이지모빌리티,토레스 EVX 밴 18인치,348,266,614
충남,공주시,전기화물,케이지모빌리티,토레스 EVX 밴 18인치(2026),355,270,625
충남,보령시,전기화물,케이지모빌리티,토레스 EVX VAN 20인치,312,237,549
충남,보령시,전기화물,케이지모빌리티,토레스 EVX VAN 18인치,314,239,553
충남,보령시,전기화물,케이지모빌리티,MUSSO EV 2WD 17인치,639,487,1126
충남,보령시,전기화물,케이지모빌리티,MUSSO EV AWD 17인치,618,471,1089
충남,보령시,전기화물,케이지모빌리티,토레스 EVX 밴 20인치,344,262,606
충남,보령시,전기화물,케이지모빌리티,토레스 EVX 밴 18인치,348,266,614
충남,보령시,전기화물,케이지모빌리티,토레스 EVX 밴 18인치(2026),355,270,625
충남,아산시,전기화물,케이지모빌리티,토레스 EVX VAN 20인치,312,237,549
충남,아산시,전기화물,케이지모빌리티,토레스 EVX VAN 18인치,314,239,553
충남,아산시,전기화물,케이지모빌리티,MUSSO EV 2WD 17인치,639,487,1126
충남,아산시,전기화물,케이지모빌리티,MUSSO EV AWD 17인치,618,471,1089
충남,아산시,전기화물,케이지모빌리티,토레스 EVX 밴 20인치,344,262,606
충남,아산시,전기화물,케이지모빌리티,토레스 EVX 밴 18인치,348,266,614
충남,아산시,전기화물,케이지모빌리티,토레스 EVX 밴 18인치(2026),355,270,625
충남,서산시,전기화물,케이지모빌리티,토레스 EVX VAN 20인치,312,237,549
충남,서산시,전기화물,케이지모빌리티,토레스 EVX VAN 18인치,314,239,553
충남,서산시,전기화물,케이지모빌리티,MUSSO EV 2WD 17인치,639,487,1126
충남,서산시,전기화물,케이지모빌리티,MUSSO EV AWD 17인치,618,471,1089
충남,서산시,전기화물,케이지모빌리티,토레스 EVX 밴 20인치,344,262,606
충남,서산시,전기화물,케이지모빌리티,토레스 EVX 밴 18인치,348,266,614
충남,서산시,전기화물,케이지모빌리티,토레스 EVX 밴 18인치(2026),355,270,625
충남,논산시,전기화물,케이지모빌리티,토레스 EVX VAN 20인치,312,237,549
충남,논산시,전기화물,케이지모빌리티,토레스 EVX VAN 18인치,314,239,553
충남,논산시,전기화물,케이지모빌리티,MUSSO EV 2WD 17인치,639,487,1126
충남,논산시,전기화물,케이지모빌리티,MUSSO EV AWD 17인치,618,471,1089
충남,논산시,전기화물,케이지모빌리티,토레스 EVX 밴 20인치,344,262,606
충남,논산시,전기화물,케이지모빌리티,토레스 EVX 밴 18인치,348,266,614
충남,논산시,전기화물,케이지모빌리티,토레스 EVX 밴 18인치(2026),355,270,625
충남,계룡시,전기화물,케이지모빌리티,토레스 EVX VAN 20인치,312,237,549
충남,계룡시,전기화물,케이지모빌리티,토레스 EVX VAN 18인치,314,239,553
충남,계룡시,전기화물,케이지모빌리티,MUSSO EV 2WD 17인치,639,487,1126
충남,계룡시,전기화물,케이지모빌리티,MUSSO EV AWD 17인치,618,471,1089
충남,계룡시,전기화물,케이지모빌리티,토레스 EVX 밴 20인치,344,262,606
충남,계룡시,전기화물,케이지모빌리티,토레스 EVX 밴 18인치,348,266,614
충남,계룡시,전기화물,케이지모빌리티,토레스 EVX 밴 18인치(2026),355,270,625
충남,당진시,전기화물,케이지모빌리티,토레스 EVX VAN 20인치,312,237,549
충남,당진시,전기화물,케이지모빌리티,토레스 EVX VAN 18인치,314,239,553
충남,당진시,전기화물,케이지모빌리티,MUSSO EV 2WD 17인치,639,487,1126
충남,당진시,전기화물,케이지모빌리티,MUSSO EV AWD 17인치,618,471,1089
충남,당진시,전기화물,케이지모빌리티,토레스 EVX 밴 20인치,344,262,606
충남,당진시,전기화물,케이지모빌리티,토레스 EVX 밴 18인치,348,266,614
충남,당진시,전기화물,케이지모빌리티,토레스 EVX 밴 18인치(2026),355,270,625
충남,금산군,전기화물,케이지모빌리티,토레스 EVX VAN 20인치,312,237,549
충남,금산군,전기화물,케이지모빌리티,토레스 EVX VAN 18인치,314,239,553
충남,금산군,전기화물,케이지모빌리티,MUSSO EV 2WD 17인치,639,487,1126
충남,금산군,전기화물,케이지모빌리티,MUSSO EV AWD 17인치,618,471,1089
충남,금산군,전기화물,케이지모빌리티,토레스 EVX 밴 20인치,344,262,606
충남,금산군,전기화물,케이지모빌리티,토레스 EVX 밴 18인치,348,266,614
충남,금산군,전기화물,케이지모빌리티,토레스 EVX 밴 18인치(2026),355,270,625
충남,부여군,전기화물,케이지모빌리티,토레스 EVX VAN 20인치,312,237,549
충남,부여군,전기화물,케이지모빌리티,토레스 EVX VAN 18인치,314,239,553
충남,부여군,전기화물,케이지모빌리티,MUSSO EV 2WD 17인치,639,487,1126
충남,부여군,전기화물,케이지모빌리티,MUSSO EV AWD 17인치,618,471,1089
충남,부여군,전기화물,케이지모빌리티,토레스 EVX 밴 20인치,344,262,606
충남,부여군,전기화물,케이지모빌리티,토레스 EVX 밴 18인치,348,266,614
충남,부여군,전기화물,케이지모빌리티,토레스 EVX 밴 18인치(2026),355,270,625
충남,서천군,전기화물,케이지모빌리티,토레스 EVX VAN 20인치,312,237,549
충남,서천군,전기화물,케이지모빌리티,토레스 EVX VAN 18인치,314,239,553
충남,서천군,전기화물,케이지모빌리티,MUSSO EV 2WD 17인치,639,487,1126
충남,서천군,전기화물,케이지모빌리티,MUSSO EV AWD 17인치,618,471,1089
충남,서천군,전기화물,케이지모빌리티,토레스 EVX 밴 20인치,344,262,606
충남,서천군,전기화물,케이지모빌리티,토레스 EVX 밴 18인치,348,269,617
충남,서천군,전기화물,케이지모빌리티,토레스 EVX 밴 18인치(2026),355,270,625
충남,청양군,전기화물,케이지모빌리티,토레스 EVX VAN 20인치,312,237,549
충남,청양군,전기화물,케이지모빌리티,토레스 EVX VAN 18인치,314,239,553
충남,청양군,전기화물,케이지모빌리티,MUSSO EV 2WD 17인치,639,487,1126
충남,청양군,전기화물,케이지모빌리티,MUSSO EV AWD 17인치,618,471,1089
충남,청양군,전기화물,케이지모빌리티,토레스 EVX 밴 20인치,344,262,606
충남,청양군,전기화물,케이지모빌리티,토레스 EVX 밴 18인치,348,266,614
충남,청양군,전기화물,케이지모빌리티,토레스 EVX 밴 18인치(2026),355,270,625
충남,홍성군,전기화물,케이지모빌리티,토레스 EVX VAN 20인치,312,237,549
충남,홍성군,전기화물,케이지모빌리티,토레스 EVX VAN 18인치,314,239,553
충남,홍성군,전기화물,케이지모빌리티,MUSSO EV 2WD 17인치,639,487,1126
충남,홍성군,전기화물,케이지모빌리티,MUSSO EV AWD 17인치,618,471,1089
충남,홍성군,전기화물,케이지모빌리티,토레스 EVX 밴 20인치,344,262,606
충남,홍성군,전기화물,케이지모빌리티,토레스 EVX 밴 18인치,348,266,614
충남,홍성군,전기화물,케이지모빌리티,토레스 EVX 밴 18인치(2026),355,270,625
충남,예산군,전기화물,케이지모빌리티,토레스 EVX VAN 20인치,312,237,549
충남,예산군,전기화물,케이지모빌리티,토레스 EVX VAN 18인치,314,239,553
충남,예산군,전기화물,케이지모빌리티,MUSSO EV 2WD 17인치,639,487,1126
충남,예산군,전기화물,케이지모빌리티,MUSSO EV AWD 17인치,618,471,1089
충남,예산군,전기화물,케이지모빌리티,토레스 EVX 밴 20인치,344,262,606
충남,예산군,전기화물,케이지모빌리티,토레스 EVX 밴 18인치,348,266,614
충남,예산군,전기화물,케이지모빌리티,토레스 EVX 밴 18인치(2026),355,270,625
전북,전주시,전기화물,케이지모빌리티,토레스 EVX VAN 20인치,312,208,520
전북,전주시,전기화물,케이지모빌리티,토레스 EVX VAN 18인치,314,209,523
전북,전주시,전기화물,케이지모빌리티,MUSSO EV 2WD 17인치,639,426,1065
전북,전주시,전기화물,케이지모빌리티,MUSSO EV AWD 17인치,618,412,1030
전북,전주시,전기화물,케이지모빌리티,토레스 EVX 밴 20인치,344,229,573
전북,전주시,전기화물,케이지모빌리티,토레스 EVX 밴 18인치,348,232,580
전북,전주시,전기화물,케이지모빌리티,토레스 EVX 밴 18인치(2026),355,237,592
전북,익산시,전기화물,케이지모빌리티,토레스 EVX VAN 20인치,312,208,520
전북,익산시,전기화물,케이지모빌리티,토레스 EVX VAN 18인치,314,209,523
전북,익산시,전기화물,케이지모빌리티,MUSSO EV 2WD 17인치,639,426,1065
전북,익산시,전기화물,케이지모빌리티,MUSSO EV AWD 17인치,618,412,1030
전북,익산시,전기화물,케이지모빌리티,토레스 EVX 밴 20인치,344,229,573
전북,익산시,전기화물,케이지모빌리티,토레스 EVX 밴 18인치,348,232,580
전북,익산시,전기화물,케이지모빌리티,토레스 EVX 밴 18인치(2026),355,237,592
전북,남원시,전기화물,케이지모빌리티,토레스 EVX VAN 20인치,312,208,520
전북,남원시,전기화물,케이지모빌리티,토레스 EVX VAN 18인치,314,209,523
전북,남원시,전기화물,케이지모빌리티,MUSSO EV 2WD 17인치,639,426,1065
전북,남원시,전기화물,케이지모빌리티,MUSSO EV AWD 17인치,618,412,1030
전북,남원시,전기화물,케이지모빌리티,토레스 EVX 밴 20인치,344,229,573
전북,남원시,전기화물,케이지모빌리티,토레스 EVX 밴 18인치,348,232,580
전북,남원시,전기화물,케이지모빌리티,토레스 EVX 밴 18인치(2026),355,237,592
전북,진안군,전기화물,케이지모빌리티,토레스 EVX VAN 20인치,312,208,520
전북,진안군,전기화물,케이지모빌리티,토레스 EVX VAN 18인치,314,209,523
전북,진안군,전기화물,케이지모빌리티,MUSSO EV 2WD 17인치,639,426,1065
전북,진안군,전기화물,케이지모빌리티,MUSSO EV AWD 17인치,618,412,1030
전북,진안군,전기화물,케이지모빌리티,토레스 EVX 밴 20인치,344,229,573
전북,진안군,전기화물,케이지모빌리티,토레스 EVX 밴 18인치,348,232,580
전북,진안군,전기화물,케이지모빌리티,토레스 EVX 밴 18인치(2026),355,237,592
전북,무주군,전기화물,케이지모빌리티,토레스 EVX VAN 20인치,312,208,520
전북,무주군,전기화물,케이지모빌리티,토레스 EVX VAN 18인치,314,209,523
전북,무주군,전기화물,케이지모빌리티,MUSSO EV 2WD 17인치,639,426,1065
전북,무주군,전기화물,케이지모빌리티,MUSSO EV AWD 17인치,618,412,1030
전북,무주군,전기화물,케이지모빌리티,토레스 EVX 밴 20인치,344,229,573
전북,무주군,전기화물,케이지모빌리티,토레스 EVX 밴 18인치,348,232,580
전북,무주군,전기화물,케이지모빌리티,토레스 EVX 밴 18인치(2026),355,237,592
전남,목포시,전기화물,케이지모빌리티,토레스 EVX VAN 20인치,312,150,462
전남,목포시,전기화물,케이지모빌리티,토레스 EVX VAN 18인치,314,150,464
전남,목포시,전기화물,케이지모빌리티,MUSSO EV 2WD 17인치,639,255,894
전남,목포시,전기화물,케이지모빌리티,MUSSO EV AWD 17인치,618,247,865
전남,목포시,전기화물,케이지모빌리티,토레스 EVX 밴 20인치,344,150,494
전남,목포시,전기화물,케이지모빌리티,토레스 EVX 밴 18인치,348,150,498
전남,목포시,전기화물,케이지모빌리티,토레스 EVX 밴 18인치(2026),355,150,505
전남,여수시,전기화물,케이지모빌리티,토레스 EVX VAN 20인치,312,150,462
전남,여수시,전기화물,케이지모빌리티,토레스 EVX VAN 18인치,314,150,464
전남,여수시,전기화물,케이지모빌리티,MUSSO EV 2WD 17인치,639,255,894
전남,여수시,전기화물,케이지모빌리티,MUSSO EV AWD 17인치,618,247,865
전남,여수시,전기화물,케이지모빌리티,토레스 EVX 밴 20인치,344,150,494
전남,여수시,전기화물,케이지모빌리티,토레스 EVX 밴 18인치,348,150,498
전남,여수시,전기화물,케이지모빌리티,토레스 EVX 밴 18인치(2026),355,150,505
전남,순천시,전기화물,케이지모빌리티,토레스 EVX VAN 20인치,312,150,462
전남,순천시,전기화물,케이지모빌리티,토레스 EVX VAN 18인치,314,150,464
전남,순천시,전기화물,케이지모빌리티,MUSSO EV 2WD 17인치,639,255,894
전남,순천시,전기화물,케이지모빌리티,MUSSO EV AWD 17인치,618,247,865
전남,순천시,전기화물,케이지모빌리티,토레스 EVX 밴 20인치,344,150,494
전남,순천시,전기화물,케이지모빌리티,토레스 EVX 밴 18인치,348,150,498
전남,순천시,전기화물,케이지모빌리티,토레스 EVX 밴 18인치(2026),355,150,505
전남,나주시,전기화물,케이지모빌리티,토레스 EVX VAN 20인치,312,156,468
전남,나주시,전기화물,케이지모빌리티,토레스 EVX VAN 18인치,314,157,471
전남,나주시,전기화물,케이지모빌리티,MUSSO EV 2WD 17인치,639,320,959
전남,나주시,전기화물,케이지모빌리티,MUSSO EV AWD 17인치,618,309,927
전남,나주시,전기화물,케이지모빌리티,토레스 EVX 밴 20인치,344,172,516
전남,나주시,전기화물,케이지모빌리티,토레스 EVX 밴 18인치,348,174,522
전남,나주시,전기화물,케이지모빌리티,토레스 EVX 밴 18인치(2026),355,178,533
전남,광양시,전기화물,케이지모빌리티,토레스 EVX VAN 20인치,312,150,462
전남,광양시,전기화물,케이지모빌리티,토레스 EVX VAN 18인치,314,150,464
전남,광양시,전기화물,케이지모빌리티,MUSSO EV 2WD 17인치,639,255,894
전남,광양시,전기화물,케이지모빌리티,MUSSO EV AWD 17인치,618,247,865
전남,광양시,전기화물,케이지모빌리티,토레스 EVX 밴 20인치,344,150,494
전남,광양시,전기화물,케이지모빌리티,토레스 EVX 밴 18인치,348,150,498
전남,광양시,전기화물,케이지모빌리티,토레스 EVX 밴 18인치(2026),355,150,505
전남,담양군,전기화물,케이지모빌리티,토레스 EVX VAN 20인치,312,156,468
전남,담양군,전기화물,케이지모빌리티,토레스 EVX VAN 18인치,314,157,471
전남,담양군,전기화물,케이지모빌리티,MUSSO EV 2WD 17인치,639,319,958
전남,담양군,전기화물,케이지모빌리티,MUSSO EV AWD 17인치,618,309,927
전남,담양군,전기화물,케이지모빌리티,토레스 EVX 밴 20인치,344,172,516
전남,담양군,전기화물,케이지모빌리티,토레스 EVX 밴 18인치,348,174,522
전남,담양군,전기화물,케이지모빌리티,토레스 EVX 밴 18인치(2026),355,177,532
전남,곡성군,전기화물,케이지모빌리티,토레스 EVX VAN 20인치,312,187,499
전남,곡성군,전기화물,케이지모빌리티,토레스 EVX VAN 18인치,314,188,502
전남,곡성군,전기화물,케이지모빌리티,MUSSO EV 2WD 17인치,639,383,1022
전남,곡성군,전기화물,케이지모빌리티,MUSSO EV AWD 17인치,618,370,988
전남,곡성군,전기화물,케이지모빌리티,토레스 EVX 밴 20인치,344,206,550
전남,곡성군,전기화물,케이지모빌리티,토레스 EVX 밴 18인치,348,208,556
전남,곡성군,전기화물,케이지모빌리티,토레스 EVX 밴 18인치(2026),355,213,568
전남,구례군,전기화물,케이지모빌리티,토레스 EVX VAN 20인치,312,222,534
전남,구례군,전기화물,케이지모빌리티,토레스 EVX VAN 18인치,314,224,538
전남,구례군,전기화물,케이지모빌리티,MUSSO EV 2WD 17인치,639,456,1095
전남,구례군,전기화물,케이지모빌리티,MUSSO EV AWD 17인치,618,441,1059
전남,구례군,전기화물,케이지모빌리티,토레스 EVX 밴 20인치,344,245,589
전남,구례군,전기화물,케이지모빌리티,토레스 EVX 밴 18인치,348,248,596
전남,구례군,전기화물,케이지모빌리티,토레스 EVX 밴 18인치(2026),355,253,608
전남,고흥군,전기화물,케이지모빌리티,토레스 EVX VAN 20인치,312,218,530
전남,고흥군,전기화물,케이지모빌리티,토레스 EVX VAN 18인치,314,219,533
전남,고흥군,전기화물,케이지모빌리티,MUSSO EV 2WD 17인치,639,447,1086
전남,고흥군,전기화물,케이지모빌리티,MUSSO EV AWD 17인치,618,432,1050
전남,고흥군,전기화물,케이지모빌리티,토레스 EVX 밴 20인치,344,240,584
전남,고흥군,전기화물,케이지모빌리티,토레스 EVX 밴 18인치,348,243,591
전남,고흥군,전기화물,케이지모빌리티,토레스 EVX 밴 18인치(2026),355,248,603
전남,보성군,전기화물,케이지모빌리티,토레스 EVX VAN 20인치,312,265,577
전남,보성군,전기화물,케이지모빌리티,토레스 EVX VAN 18인치,314,266,580
전남,보성군,전기화물,케이지모빌리티,MUSSO EV 2WD 17인치,639,543,1182
전남,보성군,전기화물,케이지모빌리티,MUSSO EV AWD 17인치,618,525,1143
전남,보성군,전기화물,케이지모빌리티,토레스 EVX 밴 20인치,344,292,636
전남,보성군,전기화물,케이지모빌리티,토레스 EVX 밴 18인치,348,295,643
전남,보성군,전기화물,케이지모빌리티,토레스 EVX 밴 18인치(2026),355,301,656
전남,화순군,전기화물,케이지모빌리티,토레스 EVX VAN 20인치,312,156,468
전남,화순군,전기화물,케이지모빌리티,토레스 EVX VAN 18인치,314,157,471
전남,화순군,전기화물,케이지모빌리티,MUSSO EV 2WD 17인치,639,319,958
전남,화순군,전기화물,케이지모빌리티,MUSSO EV AWD 17인치,618,309,927
전남,화순군,전기화물,케이지모빌리티,토레스 EVX 밴 20인치,344,172,516
전남,화순군,전기화물,케이지모빌리티,토레스 EVX 밴 18인치,348,174,522
전남,화순군,전기화물,케이지모빌리티,토레스 EVX 밴 18인치(2026),355,177,532
전남,장흥군,전기화물,케이지모빌리티,토레스 EVX VAN 20인치,312,218,530
전남,장흥군,전기화물,케이지모빌리티,토레스 EVX VAN 18인치,314,219,533
전남,장흥군,전기화물,케이지모빌리티,MUSSO EV 2WD 17인치,639,447,1086
전남,장흥군,전기화물,케이지모빌리티,MUSSO EV AWD 17인치,618,432,1050
전남,장흥군,전기화물,케이지모빌리티,토레스 EVX 밴 20인치,344,240,584
전남,장흥군,전기화물,케이지모빌리티,토레스 EVX 밴 18인치,348,243,591
전남,장흥군,전기화물,케이지모빌리티,토레스 EVX 밴 18인치(2026),355,248,603
전남,강진군,전기화물,케이지모빌리티,토레스 EVX VAN 20인치,312,218,530
전남,강진군,전기화물,케이지모빌리티,토레스 EVX VAN 18인치,314,219,533
전남,강진군,전기화물,케이지모빌리티,MUSSO EV 2WD 17인치,639,447,1086
전남,강진군,전기화물,케이지모빌리티,MUSSO EV AWD 17인치,618,432,1050
전남,강진군,전기화물,케이지모빌리티,토레스 EVX 밴 20인치,344,240,584
전남,강진군,전기화물,케이지모빌리티,토레스 EVX 밴 18인치,348,243,591
전남,강진군,전기화물,케이지모빌리티,토레스 EVX 밴 18인치(2026),355,248,603
전남,해남군,전기화물,케이지모빌리티,토레스 EVX VAN 20인치,312,306,618
전남,해남군,전기화물,케이지모빌리티,토레스 EVX VAN 18인치,314,307,621
전남,해남군,전기화물,케이지모빌리티,MUSSO EV 2WD 17인치,639,469,1108
전남,해남군,전기화물,케이지모빌리티,MUSSO EV AWD 17인치,618,459,1077
전남,해남군,전기화물,케이지모빌리티,토레스 EVX 밴 20인치,344,322,666
전남,해남군,전기화물,케이지모빌리티,토레스 EVX 밴 18인치,348,324,672
전남,해남군,전기화물,케이지모빌리티,토레스 EVX 밴 18인치(2026),355,327,682
전남,영암군,전기화물,케이지모빌리티,토레스 EVX VAN 20인치,312,368,680
전남,영암군,전기화물,케이지모빌리티,토레스 EVX VAN 18인치,314,370,684
전남,영암군,전기화물,케이지모빌리티,MUSSO EV 2WD 17인치,639,597,1236
전남,영암군,전기화물,케이지모빌리티,MUSSO EV AWD 17인치,618,583,1201
전남,영암군,전기화물,케이지모빌리티,토레스 EVX 밴 20인치,344,391,735
전남,영암군,전기화물,케이지모빌리티,토레스 EVX 밴 18인치,348,394,742
전남,영암군,전기화물,케이지모빌리티,토레스 EVX 밴 18인치(2026),355,399,754
전남,무안군,전기화물,케이지모빌리티,토레스 EVX VAN 20인치,312,124,436
전남,무안군,전기화물,케이지모빌리티,토레스 EVX VAN 18인치,314,125,439
전남,무안군,전기화물,케이지모빌리티,MUSSO EV 2WD 17인치,639,255,894
전남,무안군,전기화물,케이지모빌리티,MUSSO EV AWD 17인치,618,247,865
전남,무안군,전기화물,케이지모빌리티,토레스 EVX 밴 20인치,344,137,481
전남,무안군,전기화물,케이지모빌리티,토레스 EVX 밴 18인치,348,139,487
전남,무안군,전기화물,케이지모빌리티,토레스 EVX 밴 18인치(2026),355,142,497
전남,함평군,전기화물,케이지모빌리티,토레스 EVX VAN 20인치,312,156,468
전남,함평군,전기화물,케이지모빌리티,토레스 EVX VAN 18인치,314,157,471
전남,함평군,전기화물,케이지모빌리티,MUSSO EV 2WD 17인치,639,319,958
전남,함평군,전기화물,케이지모빌리티,MUSSO EV AWD 17인치,618,309,927
전남,함평군,전기화물,케이지모빌리티,토레스 EVX 밴 20인치,344,172,516
전남,함평군,전기화물,케이지모빌리티,토레스 EVX 밴 18인치,348,174,522
전남,함평군,전기화물,케이지모빌리티,토레스 EVX 밴 18인치(2026),355,177,532
전남,영광군,전기화물,케이지모빌리티,토레스 EVX VAN 20인치,312,187,499
전남,영광군,전기화물,케이지모빌리티,토레스 EVX VAN 18인치,314,188,502
전남,영광군,전기화물,케이지모빌리티,MUSSO EV 2WD 17인치,639,383,1022
전남,영광군,전기화물,케이지모빌리티,MUSSO EV AWD 17인치,618,370,988
전남,영광군,전기화물,케이지모빌리티,토레스 EVX 밴 20인치,344,206,550
전남,영광군,전기화물,케이지모빌리티,토레스 EVX 밴 18인치,348,208,556
전남,영광군,전기화물,케이지모빌리티,토레스 EVX 밴 18인치(2026),355,213,568
전남,장성군,전기화물,케이지모빌리티,토레스 EVX VAN 20인치,312,171,483
전남,장성군,전기화물,케이지모빌리티,토레스 EVX VAN 18인치,314,172,486
전남,장성군,전기화물,케이지모빌리티,MUSSO EV 2WD 17인치,639,351,990
전남,장성군,전기화물,케이지모빌리티,MUSSO EV AWD 17인치,618,339,957
전남,장성군,전기화물,케이지모빌리티,토레스 EVX 밴 20인치,344,189,533
전남,장성군,전기화물,케이지모빌리티,토레스 EVX 밴 18인치,348,191,539
전남,장성군,전기화물,케이지모빌리티,토레스 EVX 밴 18인치(2026),355,195,550
전남,완도군,전기화물,케이지모빌리티,토레스 EVX VAN 20인치,312,218,530
전남,완도군,전기화물,케이지모빌리티,토레스 EVX VAN 18인치,314,219,533
전남,완도군,전기화물,케이지모빌리티,MUSSO EV 2WD 17인치,639,447,1086
전남,완도군,전기화물,케이지모빌리티,MUSSO EV AWD 17인치,618,432,1050
전남,완도군,전기화물,케이지모빌리티,토레스 EVX 밴 20인치,344,240,584
전남,완도군,전기화물,케이지모빌리티,토레스 EVX 밴 18인치,348,243,591
전남,완도군,전기화물,케이지모빌리티,토레스 EVX 밴 18인치(2026),355,248,603
전남,진도군,전기화물,케이지모빌리티,토레스 EVX VAN 20인치,312,187,499
전남,진도군,전기화물,케이지모빌리티,토레스 EVX VAN 18인치,314,188,502
전남,진도군,전기화물,케이지모빌리티,MUSSO EV 2WD 17인치,639,383,1022
전남,진도군,전기화물,케이지모빌리티,MUSSO EV AWD 17인치,618,370,988
전남,진도군,전기화물,케이지모빌리티,토레스 EVX 밴 20인치,344,206,550
전남,진도군,전기화물,케이지모빌리티,토레스 EVX 밴 18인치,348,208,556
전남,진도군,전기화물,케이지모빌리티,토레스 EVX 밴 18인치(2026),355,213,568
전남,신안군,전기화물,케이지모빌리티,토레스 EVX VAN 20인치,312,187,499
전남,신안군,전기화물,케이지모빌리티,토레스 EVX VAN 18인치,314,188,502
전남,신안군,전기화물,케이지모빌리티,MUSSO EV 2WD 17인치,639,383,1022
전남,신안군,전기화물,케이지모빌리티,MUSSO EV AWD 17인치,618,370,988
전남,신안군,전기화물,케이지모빌리티,토레스 EVX 밴 20인치,344,206,550
전남,신안군,전기화물,케이지모빌리티,토레스 EVX 밴 18인치,348,208,556
전남,신안군,전기화물,케이지모빌리티,토레스 EVX 밴 18인치(2026),355,213,568
경북,포항시,전기화물,케이지모빌리티,토레스 EVX VAN 20인치,312,178,490
경북,포항시,전기화물,케이지모빌리티,토레스 EVX VAN 18인치,314,179,493
경북,포항시,전기화물,케이지모빌리티,MUSSO EV 2WD 17인치,639,364,1003
경북,포항시,전기화물,케이지모빌리티,MUSSO EV AWD 17인치,618,352,970
경북,포항시,전기화물,케이지모빌리티,토레스 EVX 밴 20인치,344,196,540
경북,포항시,전기화물,케이지모빌리티,토레스 EVX 밴 18인치,348,198,546
경북,포항시,전기화물,케이지모빌리티,토레스 EVX 밴 18인치(2026),355,202,557
경북,경주시,전기화물,케이지모빌리티,토레스 EVX VAN 20인치,312,178,490
경북,경주시,전기화물,케이지모빌리티,토레스 EVX VAN 18인치,314,179,493
경북,경주시,전기화물,케이지모빌리티,MUSSO EV 2WD 17인치,639,364,1003
경북,경주시,전기화물,케이지모빌리티,MUSSO EV AWD 17인치,618,352,970
경북,경주시,전기화물,케이지모빌리티,토레스 EVX 밴 20인치,344,196,540
경북,경주시,전기화물,케이지모빌리티,토레스 EVX 밴 18인치,348,198,546
경북,경주시,전기화물,케이지모빌리티,토레스 EVX 밴 18인치(2026),355,202,557
경북,김천시,전기화물,케이지모빌리티,토레스 EVX VAN 20인치,312,178,490
경북,김천시,전기화물,케이지모빌리티,토레스 EVX VAN 18인치,314,179,493
경북,김천시,전기화물,케이지모빌리티,MUSSO EV 2WD 17인치,639,364,1003
경북,김천시,전기화물,케이지모빌리티,MUSSO EV AWD 17인치,618,352,970
경북,김천시,전기화물,케이지모빌리티,토레스 EVX 밴 20인치,344,196,540
경북,김천시,전기화물,케이지모빌리티,토레스 EVX 밴 18인치,348,198,546
경북,김천시,전기화물,케이지모빌리티,토레스 EVX 밴 18인치(2026),355,202,557
경북,안동시,전기화물,케이지모빌리티,토레스 EVX VAN 20인치,312,178,490
경북,안동시,전기화물,케이지모빌리티,토레스 EVX VAN 18인치,314,179,493
경북,안동시,전기화물,케이지모빌리티,MUSSO EV 2WD 17인치,639,364,1003
경북,안동시,전기화물,케이지모빌리티,MUSSO EV AWD 17인치,618,352,970
경북,안동시,전기화물,케이지모빌리티,토레스 EVX 밴 20인치,344,196,540
경북,안동시,전기화물,케이지모빌리티,토레스 EVX 밴 18인치,348,198,546
경북,안동시,전기화물,케이지모빌리티,토레스 EVX 밴 18인치(2026),355,202,557
경북,구미시,전기화물,케이지모빌리티,토레스 EVX VAN 20인치,312,178,490
경북,구미시,전기화물,케이지모빌리티,토레스 EVX VAN 18인치,314,179,493
경북,구미시,전기화물,케이지모빌리티,MUSSO EV 2WD 17인치,639,364,1003
경북,구미시,전기화물,케이지모빌리티,MUSSO EV AWD 17인치,618,352,970
경북,구미시,전기화물,케이지모빌리티,토레스 EVX 밴 20인치,344,196,540
경북,구미시,전기화물,케이지모빌리티,토레스 EVX 밴 18인치,348,198,546
경북,구미시,전기화물,케이지모빌리티,토레스 EVX 밴 18인치(2026),355,202,557
경북,영주시,전기화물,케이지모빌리티,토레스 EVX VAN 20인치,312,178,490
경북,영주시,전기화물,케이지모빌리티,토레스 EVX VAN 18인치,314,179,493
경북,영주시,전기화물,케이지모빌리티,MUSSO EV 2WD 17인치,639,364,1003
경북,영주시,전기화물,케이지모빌리티,MUSSO EV AWD 17인치,618,352,970
경북,영주시,전기화물,케이지모빌리티,토레스 EVX 밴 20인치,344,196,540
경북,영주시,전기화물,케이지모빌리티,토레스 EVX 밴 18인치,348,198,546
경북,영주시,전기화물,케이지모빌리티,토레스 EVX 밴 18인치(2026),355,202,557
경북,영천시,전기화물,케이지모빌리티,토레스 EVX VAN 20인치,312,178,490
경북,영천시,전기화물,케이지모빌리티,토레스 EVX VAN 18인치,314,179,493
경북,영천시,전기화물,케이지모빌리티,MUSSO EV 2WD 17인치,639,364,1003
경북,영천시,전기화물,케이지모빌리티,MUSSO EV AWD 17인치,618,352,970
경북,영천시,전기화물,케이지모빌리티,토레스 EVX 밴 20인치,344,196,540
경북,영천시,전기화물,케이지모빌리티,토레스 EVX 밴 18인치,348,198,546
경북,영천시,전기화물,케이지모빌리티,토레스 EVX 밴 18인치(2026),355,202,557
경북,상주시,전기화물,케이지모빌리티,토레스 EVX VAN 20인치,312,178,490
경북,상주시,전기화물,케이지모빌리티,토레스 EVX VAN 18인치,314,179,493
경북,상주시,전기화물,케이지모빌리티,MUSSO EV 2WD 17인치,639,364,1003
경북,상주시,전기화물,케이지모빌리티,MUSSO EV AWD 17인치,618,352,970
경북,상주시,전기화물,케이지모빌리티,토레스 EVX 밴 20인치,344,196,540
경북,상주시,전기화물,케이지모빌리티,토레스 EVX 밴 18인치,348,198,546
경북,상주시,전기화물,케이지모빌리티,토레스 EVX 밴 18인치(2026),355,202,557
경북,문경시,전기화물,케이지모빌리티,토레스 EVX VAN 20인치,312,178,490
경북,문경시,전기화물,케이지모빌리티,토레스 EVX VAN 18인치,314,179,493
경북,문경시,전기화물,케이지모빌리티,MUSSO EV 2WD 17인치,639,364,1003
경북,문경시,전기화물,케이지모빌리티,MUSSO EV AWD 17인치,618,352,970
경북,문경시,전기화물,케이지모빌리티,토레스 EVX 밴 20인치,344,196,540
경북,문경시,전기화물,케이지모빌리티,토레스 EVX 밴 18인치,348,198,546
경북,문경시,전기화물,케이지모빌리티,토레스 EVX 밴 18인치(2026),355,202,557
경북,경산시,전기화물,케이지모빌리티,토레스 EVX VAN 20인치,312,178,490
경북,경산시,전기화물,케이지모빌리티,토레스 EVX VAN 18인치,314,179,493
경북,경산시,전기화물,케이지모빌리티,MUSSO EV 2WD 17인치,639,364,1003
경북,경산시,전기화물,케이지모빌리티,MUSSO EV AWD 17인치,618,352,970
경북,경산시,전기화물,케이지모빌리티,토레스 EVX 밴 20인치,344,196,540
경북,경산시,전기화물,케이지모빌리티,토레스 EVX 밴 18인치,348,198,546
경북,경산시,전기화물,케이지모빌리티,토레스 EVX 밴 18인치(2026),355,202,557
경북,의성군,전기화물,케이지모빌리티,토레스 EVX VAN 20인치,312,178,490
경북,의성군,전기화물,케이지모빌리티,토레스 EVX VAN 18인치,314,179,493
경북,의성군,전기화물,케이지모빌리티,MUSSO EV 2WD 17인치,639,364,1003
경북,의성군,전기화물,케이지모빌리티,MUSSO EV AWD 17인치,618,352,970
경북,의성군,전기화물,케이지모빌리티,토레스 EVX 밴 20인치,344,196,540
경북,의성군,전기화물,케이지모빌리티,토레스 EVX 밴 18인치,348,198,546
경북,의성군,전기화물,케이지모빌리티,토레스 EVX 밴 18인치(2026),355,202,557
경북,청송군,전기화물,케이지모빌리티,토레스 EVX VAN 20인치,312,178,490
경북,청송군,전기화물,케이지모빌리티,토레스 EVX VAN 18인치,314,179,493
경북,청송군,전기화물,케이지모빌리티,MUSSO EV 2WD 17인치,639,364,1003
경북,청송군,전기화물,케이지모빌리티,MUSSO EV AWD 17인치,618,352,970
경북,청송군,전기화물,케이지모빌리티,토레스 EVX 밴 20인치,344,196,540
경북,청송군,전기화물,케이지모빌리티,토레스 EVX 밴 18인치,348,198,546
경북,청송군,전기화물,케이지모빌리티,토레스 EVX 밴 18인치(2026),355,202,557
경북,영양군,전기화물,케이지모빌리티,토레스 EVX VAN 20인치,312,178,490
경북,영양군,전기화물,케이지모빌리티,토레스 EVX VAN 18인치,314,179,493
경북,영양군,전기화물,케이지모빌리티,MUSSO EV 2WD 17인치,639,364,1003
경북,영양군,전기화물,케이지모빌리티,MUSSO EV AWD 17인치,618,352,970
경북,영양군,전기화물,케이지모빌리티,토레스 EVX 밴 20인치,344,196,540
경북,영양군,전기화물,케이지모빌리티,토레스 EVX 밴 18인치,348,198,546
경북,영양군,전기화물,케이지모빌리티,토레스 EVX 밴 18인치(2026),355,202,557
경북,영덕군,전기화물,케이지모빌리티,토레스 EVX VAN 20인치,312,178,490
경북,영덕군,전기화물,케이지모빌리티,토레스 EVX VAN 18인치,314,179,493
경북,영덕군,전기화물,케이지모빌리티,MUSSO EV 2WD 17인치,639,364,1003
경북,영덕군,전기화물,케이지모빌리티,MUSSO EV AWD 17인치,618,352,970
경북,영덕군,전기화물,케이지모빌리티,토레스 EVX 밴 20인치,344,196,540
경북,영덕군,전기화물,케이지모빌리티,토레스 EVX 밴 18인치,348,198,546
경북,영덕군,전기화물,케이지모빌리티,토레스 EVX 밴 18인치(2026),355,202,557
경북,청도군,전기화물,케이지모빌리티,토레스 EVX VAN 20인치,312,178,490
경북,청도군,전기화물,케이지모빌리티,토레스 EVX VAN 18인치,314,179,493
경북,청도군,전기화물,케이지모빌리티,MUSSO EV 2WD 17인치,639,364,1003
경북,청도군,전기화물,케이지모빌리티,MUSSO EV AWD 17인치,618,352,970
경북,청도군,전기화물,케이지모빌리티,토레스 EVX 밴 20인치,344,196,540
경북,청도군,전기화물,케이지모빌리티,토레스 EVX 밴 18인치,348,198,546
경북,청도군,전기화물,케이지모빌리티,토레스 EVX 밴 18인치(2026),355,202,557
경북,고령군,전기화물,케이지모빌리티,토레스 EVX VAN 20인치,312,178,490
경북,고령군,전기화물,케이지모빌리티,토레스 EVX VAN 18인치,314,179,493
경북,고령군,전기화물,케이지모빌리티,MUSSO EV 2WD 17인치,639,364,1003
경북,고령군,전기화물,케이지모빌리티,MUSSO EV AWD 17인치,618,352,970
경북,고령군,전기화물,케이지모빌리티,토레스 EVX 밴 20인치,344,196,540
경북,고령군,전기화물,케이지모빌리티,토레스 EVX 밴 18인치,348,198,546
경북,고령군,전기화물,케이지모빌리티,토레스 EVX 밴 18인치(2026),355,202,557
경북,성주군,전기화물,케이지모빌리티,토레스 EVX VAN 20인치,312,178,490
경북,성주군,전기화물,케이지모빌리티,토레스 EVX VAN 18인치,314,179,493
경북,성주군,전기화물,케이지모빌리티,MUSSO EV 2WD 17인치,639,364,1003
경북,성주군,전기화물,케이지모빌리티,MUSSO EV AWD 17인치,618,352,970
경북,성주군,전기화물,케이지모빌리티,토레스 EVX 밴 20인치,344,196,540
경북,성주군,전기화물,케이지모빌리티,토레스 EVX 밴 18인치,348,198,546
경북,성주군,전기화물,케이지모빌리티,토레스 EVX 밴 18인치(2026),355,202,557
경북,칠곡군,전기화물,케이지모빌리티,토레스 EVX VAN 20인치,312,178,490
경북,칠곡군,전기화물,케이지모빌리티,토레스 EVX VAN 18인치,314,179,493
경북,칠곡군,전기화물,케이지모빌리티,MUSSO EV 2WD 17인치,639,364,1003
경북,칠곡군,전기화물,케이지모빌리티,MUSSO EV AWD 17인치,618,352,970
경북,칠곡군,전기화물,케이지모빌리티,토레스 EVX 밴 20인치,344,196,540
경북,칠곡군,전기화물,케이지모빌리티,토레스 EVX 밴 18인치,348,198,546
경북,칠곡군,전기화물,케이지모빌리티,토레스 EVX 밴 18인치(2026),355,202,557
경북,예천군,전기화물,케이지모빌리티,토레스 EVX VAN 20인치,312,0,312
경북,예천군,전기화물,케이지모빌리티,토레스 EVX VAN 18인치,314,0,314
경북,예천군,전기화물,케이지모빌리티,MUSSO EV 2WD 17인치,639,364,1003
경북,예천군,전기화물,케이지모빌리티,MUSSO EV AWD 17인치,618,352,970
경북,예천군,전기화물,케이지모빌리티,토레스 EVX 밴 20인치,344,0,344
경북,예천군,전기화물,케이지모빌리티,토레스 EVX 밴 18인치,348,0,348
경북,예천군,전기화물,케이지모빌리티,토레스 EVX 밴 18인치(2026),355,0,355
경북,봉화군,전기화물,케이지모빌리티,토레스 EVX VAN 20인치,312,178,490
경북,봉화군,전기화물,케이지모빌리티,토레스 EVX VAN 18인치,314,179,493
경북,봉화군,전기화물,케이지모빌리티,MUSSO EV 2WD 17인치,639,364,1003
경북,봉화군,전기화물,케이지모빌리티,MUSSO EV AWD 17인치,618,352,970
경북,봉화군,전기화물,케이지모빌리티,토레스 EVX 밴 20인치,344,196,540
경북,봉화군,전기화물,케이지모빌리티,토레스 EVX 밴 18인치,348,198,546
경북,봉화군,전기화물,케이지모빌리티,토레스 EVX 밴 18인치(2026),355,202,557
경북,울진군,전기화물,케이지모빌리티,토레스 EVX VAN 20인치,312,178,490
경북,울진군,전기화물,케이지모빌리티,토레스 EVX VAN 18인치,314,179,493
경북,울진군,전기화물,케이지모빌리티,MUSSO EV 2WD 17인치,639,364,1003
경북,울진군,전기화물,케이지모빌리티,MUSSO EV AWD 17인치,618,352,970
경북,울진군,전기화물,케이지모빌리티,토레스 EVX 밴 20인치,344,196,540
경북,울진군,전기화물,케이지모빌리티,토레스 EVX 밴 18인치,348,198,546
경북,울진군,전기화물,케이지모빌리티,토레스 EVX 밴 18인치(2026),355,202,557
경북,울릉군,전기화물,케이지모빌리티,토레스 EVX VAN 20인치,312,326,638
경북,울릉군,전기화물,케이지모빌리티,토레스 EVX VAN 18인치,314,328,642
경북,울릉군,전기화물,케이지모빌리티,MUSSO EV 2WD 17인치,639,669,1308
경북,울릉군,전기화물,케이지모빌리티,MUSSO EV AWD 17인치,618,647,1265
경북,울릉군,전기화물,케이지모빌리티,토레스 EVX 밴 20인치,344,360,704
경북,울릉군,전기화물,케이지모빌리티,토레스 EVX 밴 18인치,348,364,712
경북,울릉군,전기화물,케이지모빌리티,토레스 EVX 밴 18인치(2026),355,371,726
경남,창원시,전기화물,케이지모빌리티,토레스 EVX VAN 20인치,312,94,406
경남,창원시,전기화물,케이지모빌리티,토레스 EVX VAN 18인치,314,95,409
경남,창원시,전기화물,케이지모빌리티,MUSSO EV 2WD 17인치,639,192,831
경남,창원시,전기화물,케이지모빌리티,MUSSO EV AWD 17인치,618,186,804
경남,창원시,전기화물,케이지모빌리티,토레스 EVX 밴 20인치,344,104,448
경남,창원시,전기화물,케이지모빌리티,토레스 EVX 밴 18인치,348,105,453
경남,창원시,전기화물,케이지모빌리티,토레스 EVX 밴 18인치(2026),355,107,462
경남,진주시,전기화물,케이지모빌리티,토레스 EVX VAN 20인치,312,94,406
경남,진주시,전기화물,케이지모빌리티,토레스 EVX VAN 18인치,314,95,409
경남,진주시,전기화물,케이지모빌리티,MUSSO EV 2WD 17인치,639,192,831
경남,진주시,전기화물,케이지모빌리티,MUSSO EV AWD 17인치,618,186,804
경남,진주시,전기화물,케이지모빌리티,토레스 EVX 밴 20인치,344,104,448
경남,진주시,전기화물,케이지모빌리티,토레스 EVX 밴 18인치,348,105,453
경남,진주시,전기화물,케이지모빌리티,토레스 EVX 밴 18인치(2026),355,107,462
경남,통영시,전기화물,케이지모빌리티,토레스 EVX VAN 20인치,312,171,483
경남,통영시,전기화물,케이지모빌리티,토레스 EVX VAN 18인치,314,172,486
경남,통영시,전기화물,케이지모빌리티,MUSSO EV 2WD 17인치,639,352,991
경남,통영시,전기화물,케이지모빌리티,MUSSO EV AWD 17인치,618,340,958
경남,통영시,전기화물,케이지모빌리티,토레스 EVX 밴 20인치,344,189,533
경남,통영시,전기화물,케이지모빌리티,토레스 EVX 밴 18인치,348,192,540
경남,통영시,전기화물,케이지모빌리티,토레스 EVX 밴 18인치(2026),355,196,551
경남,사천시,전기화물,케이지모빌리티,토레스 EVX VAN 20인치,312,110,422
경남,사천시,전기화물,케이지모빌리티,토레스 EVX VAN 18인치,314,110,424
경남,사천시,전기화물,케이지모빌리티,MUSSO EV 2WD 17인치,639,224,863
경남,사천시,전기화물,케이지모빌리티,MUSSO EV AWD 17인치,618,217,835
경남,사천시,전기화물,케이지모빌리티,토레스 EVX 밴 20인치,344,121,465
경남,사천시,전기화물,케이지모빌리티,토레스 EVX 밴 18인치,348,122,470
경남,사천시,전기화물,케이지모빌리티,토레스 EVX 밴 18인치(2026),355,125,480
경남,김해시,전기화물,케이지모빌리티,토레스 EVX VAN 20인치,312,94,406
경남,김해시,전기화물,케이지모빌리티,토레스 EVX VAN 18인치,314,95,409
경남,김해시,전기화물,케이지모빌리티,MUSSO EV 2WD 17인치,639,192,831
경남,김해시,전기화물,케이지모빌리티,MUSSO EV AWD 17인치,618,186,804
경남,김해시,전기화물,케이지모빌리티,토레스 EVX 밴 20인치,344,104,448
경남,김해시,전기화물,케이지모빌리티,토레스 EVX 밴 18인치,348,105,453
경남,김해시,전기화물,케이지모빌리티,토레스 EVX 밴 18인치(2026),355,107,462
경남,밀양시,전기화물,케이지모빌리티,토레스 EVX VAN 20인치,312,124,436
경남,밀양시,전기화물,케이지모빌리티,토레스 EVX VAN 18인치,314,124,438
경남,밀양시,전기화물,케이지모빌리티,MUSSO EV 2WD 17인치,639,256,895
경남,밀양시,전기화물,케이지모빌리티,MUSSO EV AWD 17인치,618,248,866
경남,밀양시,전기화물,케이지모빌리티,토레스 EVX 밴 20인치,344,136,480
경남,밀양시,전기화물,케이지모빌리티,토레스 EVX 밴 18인치,348,140,488
경남,밀양시,전기화물,케이지모빌리티,토레스 EVX 밴 18인치(2026),355,144,499
경남,거제시,전기화물,케이지모빌리티,토레스 EVX VAN 20인치,312,110,422
경남,거제시,전기화물,케이지모빌리티,토레스 EVX VAN 18인치,314,110,424
경남,거제시,전기화물,케이지모빌리티,MUSSO EV 2WD 17인치,639,224,863
경남,거제시,전기화물,케이지모빌리티,MUSSO EV AWD 17인치,618,217,835
경남,거제시,전기화물,케이지모빌리티,토레스 EVX 밴 20인치,344,121,465
경남,거제시,전기화물,케이지모빌리티,토레스 EVX 밴 18인치,348,122,470
경남,거제시,전기화물,케이지모빌리티,토레스 EVX 밴 18인치(2026),355,125,480
경남,양산시,전기화물,케이지모빌리티,토레스 EVX VAN 20인치,312,94,406
경남,양산시,전기화물,케이지모빌리티,토레스 EVX VAN 18인치,314,94,408
경남,양산시,전기화물,케이지모빌리티,MUSSO EV 2WD 17인치,639,192,831
경남,양산시,전기화물,케이지모빌리티,MUSSO EV AWD 17인치,618,185,803
경남,양산시,전기화물,케이지모빌리티,토레스 EVX 밴 20인치,344,103,447
경남,양산시,전기화물,케이지모빌리티,토레스 EVX 밴 18인치,348,104,452
경남,양산시,전기화물,케이지모빌리티,토레스 EVX 밴 18인치(2026),355,107,462
경남,의령군,전기화물,케이지모빌리티,토레스 EVX VAN 20인치,312,94,406
경남,의령군,전기화물,케이지모빌리티,토레스 EVX VAN 18인치,314,95,409
경남,의령군,전기화물,케이지모빌리티,MUSSO EV 2WD 17인치,639,192,831
경남,의령군,전기화물,케이지모빌리티,MUSSO EV AWD 17인치,618,186,804
경남,의령군,전기화물,케이지모빌리티,토레스 EVX 밴 20인치,344,104,448
경남,의령군,전기화물,케이지모빌리티,토레스 EVX 밴 18인치,348,105,453
경남,의령군,전기화물,케이지모빌리티,토레스 EVX 밴 18인치(2026),355,107,462
경남,창녕군,전기화물,케이지모빌리티,토레스 EVX VAN 20인치,312,170,482
경남,창녕군,전기화물,케이지모빌리티,토레스 EVX VAN 18인치,314,175,489
경남,창녕군,전기화물,케이지모빌리티,MUSSO EV 2WD 17인치,639,320,959
경남,창녕군,전기화물,케이지모빌리티,MUSSO EV AWD 17인치,618,310,928
경남,창녕군,전기화물,케이지모빌리티,토레스 EVX 밴 20인치,344,170,514
경남,창녕군,전기화물,케이지모빌리티,토레스 EVX 밴 18인치,348,175,523
경남,창녕군,전기화물,케이지모빌리티,토레스 EVX 밴 18인치(2026),355,180,535
경남,고성군,전기화물,케이지모빌리티,토레스 EVX VAN 20인치,312,94,406
경남,고성군,전기화물,케이지모빌리티,토레스 EVX VAN 18인치,314,94,408
경남,고성군,전기화물,케이지모빌리티,MUSSO EV 2WD 17인치,639,192,831
경남,고성군,전기화물,케이지모빌리티,MUSSO EV AWD 17인치,618,186,804
경남,고성군,전기화물,케이지모빌리티,토레스 EVX 밴 20인치,344,103,447
경남,고성군,전기화물,케이지모빌리티,토레스 EVX 밴 18인치,348,105,453
경남,고성군,전기화물,케이지모빌리티,토레스 EVX 밴 18인치(2026),355,107,462
경남,남해군,전기화물,케이지모빌리티,토레스 EVX VAN 20인치,312,94,406
경남,남해군,전기화물,케이지모빌리티,토레스 EVX VAN 18인치,314,95,409
경남,남해군,전기화물,케이지모빌리티,MUSSO EV 2WD 17인치,639,192,831
경남,남해군,전기화물,케이지모빌리티,MUSSO EV AWD 17인치,618,186,804
경남,남해군,전기화물,케이지모빌리티,토레스 EVX 밴 20인치,344,104,448
경남,남해군,전기화물,케이지모빌리티,토레스 EVX 밴 18인치,348,105,453
경남,남해군,전기화물,케이지모빌리티,토레스 EVX 밴 18인치(2026),355,107,462
경남,하동군,전기화물,케이지모빌리티,토레스 EVX VAN 20인치,312,94,406
경남,하동군,전기화물,케이지모빌리티,토레스 EVX VAN 18인치,314,95,409
경남,하동군,전기화물,케이지모빌리티,MUSSO EV 2WD 17인치,639,192,831
경남,하동군,전기화물,케이지모빌리티,MUSSO EV AWD 17인치,618,186,804
경남,하동군,전기화물,케이지모빌리티,토레스 EVX 밴 20인치,344,104,448
경남,하동군,전기화물,케이지모빌리티,토레스 EVX 밴 18인치,348,105,453
경남,하동군,전기화물,케이지모빌리티,토레스 EVX 밴 18인치(2026),355,107,462
경남,산청군,전기화물,케이지모빌리티,토레스 EVX VAN 20인치,312,94,406
경남,산청군,전기화물,케이지모빌리티,토레스 EVX VAN 18인치,314,95,409
경남,산청군,전기화물,케이지모빌리티,MUSSO EV 2WD 17인치,639,192,831
경남,산청군,전기화물,케이지모빌리티,MUSSO EV AWD 17인치,618,186,804
경남,산청군,전기화물,케이지모빌리티,토레스 EVX 밴 20인치,344,104,448
경남,산청군,전기화물,케이지모빌리티,토레스 EVX 밴 18인치,348,105,453
경남,산청군,전기화물,케이지모빌리티,토레스 EVX 밴 18인치(2026),355,107,462
경남,함양군,전기화물,케이지모빌리티,토레스 EVX VAN 20인치,312,118,430
경남,함양군,전기화물,케이지모빌리티,토레스 EVX VAN 18인치,314,119,433
경남,함양군,전기화물,케이지모빌리티,MUSSO EV 2WD 17인치,639,243,882
경남,함양군,전기화물,케이지모빌리티,MUSSO EV AWD 17인치,618,235,853
경남,함양군,전기화물,케이지모빌리티,토레스 EVX 밴 20인치,344,130,474
경남,함양군,전기화물,케이지모빌리티,토레스 EVX 밴 18인치,348,132,480
경남,함양군,전기화물,케이지모빌리티,토레스 EVX 밴 18인치(2026),355,135,490
경남,거창군,전기화물,케이지모빌리티,토레스 EVX VAN 20인치,312,121,433
경남,거창군,전기화물,케이지모빌리티,토레스 EVX VAN 18인치,314,121,435
경남,거창군,전기화물,케이지모빌리티,MUSSO EV 2WD 17인치,639,247,886
경남,거창군,전기화물,케이지모빌리티,MUSSO EV AWD 17인치,618,239,857
경남,거창군,전기화물,케이지모빌리티,토레스 EVX 밴 20인치,344,133,477
경남,거창군,전기화물,케이지모빌리티,토레스 EVX 밴 18인치,348,135,483
경남,거창군,전기화물,케이지모빌리티,토레스 EVX 밴 18인치(2026),355,138,493
경남,합천군,전기화물,케이지모빌리티,토레스 EVX VAN 20인치,312,0,312
경남,합천군,전기화물,케이지모빌리티,토레스 EVX VAN 18인치,314,0,314
경남,합천군,전기화물,케이지모빌리티,MUSSO EV 2WD 17인치,639,460,1099
경남,합천군,전기화물,케이지모빌리티,MUSSO EV AWD 17인치,618,445,1063
경남,합천군,전기화물,케이지모빌리티,토레스 EVX 밴 20인치,344,0,344
경남,합천군,전기화물,케이지모빌리티,토레스 EVX 밴 18인치,348,0,348
경남,합천군,전기화물,케이지모빌리티,토레스 EVX 밴 18인치(2026),355,0,355
제주,제주특별자치도,전기화물,케이지모빌리티,토레스 EVX VAN 20인치,312,156,468
제주,제주특별자치도,전기화물,케이지모빌리티,토레스 EVX VAN 18인치,314,157,471
제주,제주특별자치도,전기화물,케이지모빌리티,MUSSO EV 2WD 17인치,639,319,958
제주,제주특별자치도,전기화물,케이지모빌리티,MUSSO EV AWD 17인치,618,309,927
제주,제주특별자치도,전기화물,케이지모빌리티,토레스 EVX 밴 20인치,344,172,516
제주,제주특별자치도,전기화물,케이지모빌리티,토레스 EVX 밴 18인치,348,174,522
제주,제주특별자치도,전기화물,케이지모빌리티,토레스 EVX 밴 18인치(2026),355,177,532
공단,한국환경공단,전기화물,케이지모빌리티,토레스 EVX VAN 20인치,312,0,312
공단,한국환경공단,전기화물,케이지모빌리티,토레스 EVX VAN 18인치,314,0,314
공단,한국환경공단,전기화물,케이지모빌리티,MUSSO EV 2WD 17인치,639,0,639
공단,한국환경공단,전기화물,케이지모빌리티,MUSSO EV AWD 17인치,618,0,618
공단,한국환경공단,전기화물,케이지모빌리티,토레스 EVX 밴 20인치,344,0,344
공단,한국환경공단,전기화물,케이지모빌리티,토레스 EVX 밴 18인치,348,0,348
공단,한국환경공단,전기화물,케이지모빌리티,토레스 EVX 밴 18인치(2026),355,0,355
